-1;'Root';NULL
1;'Verzamelen';-1
30;'Overig klassiek speelgoed';19016
32;'Poppen';1
34;'Reclamevoorwerpen';1
35;'Overige reclamevoorwerpen';34
38;'Overige Coca-Cola';62848
57;'Film objecten';196
63;'Stripboeken';267
64;'Overige comics';900
80;'Verzamelstrips';63
117;'Overige beren en knuffels';386
120;'Creatief speelgoed';220
121;'Overig knutselen';25850
125;'1980 - heden';18828
127;'Overige ansichtkaarten';8991
137;'Disneyana';1
138;'Overige Disneyana';137
142;'Pluche';137
143;'Speldjes en buttons';137
151;'Pez';8710
154;'Overige Star Wars';29495
159;'Overige verzamelen';8710
160;'Computers';-1
162;'Overige computers';160
164;'Overige processoren';78769
165;'Harddisks';38851
175;'Overige randapparatuur';3676
182;'Overige software';18793
187;'Overige retro games';11988
193;'Services';160
196;'Fanartikelen en merchandise';11232
197;'Overige filmobjecten';57
200;'Recente films';18823
201;'Overige TV-objecten';1424
202;'Sportverzamelartikelen';888
210;'Rock & Roll';157499
218;'Magic The Gathering';868
219;'Overige ruilkaartspellen';868
220;'Speelgoed en spellen';-1
222;'Auto\'s en vrachtwagens';1188
223;'Overige auto\'s';222
226;'Poppen';220
233;'Gezelschapsspellen';220
234;'Overig speelgoed';220
246;'Overige actiefiguren';112024
257;'Overige wereldwijde munten';7990
260;'Postzegels';-1
262;'USA';128384
264;'Overige postzegels';260
267;'Boeken en strips';-1
268;'Overige boeken';267
269;'1940 - heden';22421
270;'Literatuur - buitenland';267
280;'Overige tijdschriften';607
281;'Sieraden en horloges';-1
293;'Consumentenelektronica';-1
294;'Overige foto, beeld en geluid';293
298;'Overig beeld';3287
303;'Overig gereedschap';19859
306;'Overige LP\'s';20800
307;'Overige CD\'s';104612
308;'Overige muziekinstrumenten';619
312;'Overige kleding';11450
313;'Overige herenkleding';9817
314;'Overige dameskleding';9816
315;'Kinderkleding - overige';11450
353;'Kunst, antiek en design';-1
355;'Overige archeologie';37082
377;'2000 - heden';29224
381;'NTSC';7755
384;'Overige hengelsport';1492
386;'Beren en knuffels';220
412;'Instrumenten';7474
417;'Transport';1
420;'Fietsen';417
423;'Scheepvaart';417
424;'Overige auto\'s, motoren, boten';9800
432;'Beatles';157499
433;'Elvis';157499
439;'Beanies';137
488;'Kralen';281
533;'Overige Afrika';127144
534;'Overig Azië';40711
540;'Duitsland';45148
544;'Overige verzamelingen';7914
550;'Beeldende kunst';353
551;'Overige beeldende kunst';550
565;'Bierviltjes';8733
602;'Overige parfum';84885
607;'Tijdschriften en kranten';267
608;'Natuur en buitenleven';607
609;'Kinderen en jeugd';607
612;'Actualiteit en politiek';607
614;'Overige sport';105967
617;'Overige DVD\'s';2288
619;'Muziekinstrumenten';11233
625;'Fotografie';293
692;'Overig Afrika';35303
693;'Overig Azië';32136
695;'Voor 1975';128302
697;'Post en communicatie';4752
698;'Plaatfouten';40413
702;'Overige accessoires';35322
703;'Overige thema\'s';4752
706;'Overige analoge fotografie';11272
753;'Overige transformers';156076
786;'Overige USA';42723
788;'Olympische spelen';202
868;'Ruilkaartspellen';1
888;'Sport, fietsen en vakantie';-1
900;'Comics';267
916;'Overige artiesten';33416
921;'Tweede Wereldoorlog';8998
924;'Verenigde Staten';21530
926;'Overige auto\'s en transport';9013
931;'Radio\'s en zenders';7474
984;'Muziek- en speeldozen';1
985;'Telefoon';7474
1038;'Dinky toys';222
1051;'Overig klassiek';19481
1052;'Country';104612
1055;'Hardrock';19483
1058;'Films';26718
1063;'Overige accessoires';12109
1067;'Overige jongenskleding';3038
1068;'Overige meisjeskleding';3051
1071;'Vinyl en platen';11233
1072;'Kindermuziek';20800
1074;'Country';20800
1076;'Religieus, New Age en Gospel';20800
1081;'Filmmuziek en soundtracks';20800
1082;'Elektronische huisdieren';19071
1093;'Jeugd- en kinderboeken';267
1103;'Tieners van 12 jaar en ouder';1093
1105;'Studie- en theorieboeken';267
1106;'Bedrijfskunde en management';267
1107;'Computers en internet';267
1115;'Psychologie en zelfhulp';267
1137;'Business';607
1138;'Antiek en verzamelen';607
1139;'Eten en drinken';607
1140;'Hobby';607
1141;'Wonen, huis en tuin';607
1145;'Film en tv';607
1147;'Wetenschap';607
1148;'Sciencefiction en fantasy';607
1150;'Reizen en ontspanning';607
1174;'Matchbox';222
1183;'Overige rollenspellen';2543
1188;'Modelbouw en miniaturen';-1
1211;'Kunstvoorwerpen';353
1245;'Printers';3676
1256;'Overige accessoires';9884
1293;'Boten en vaartuigen';9800
1305;'Tickets en toegangskaarten';888
1307;'Overige tickets';1305
1374;'Disney';63
1375;'Beeldjes';137
1414;'Koningshuizen';1
1424;'TV objecten';196
1463;'Overige telefoonkaarten';8878
1476;'8 mm';52552
1477;'16 mm';52552
1480;'Geheugen';38851
1492;'Hengelsport';888
1494;'Hengelonderdelen';1492
1500;'Radiobenodigdheden';14969
1508;'VHS-video’s';11232
1559;'Blues';43619
1560;'Cabaret en komedie';104612
1562;'Pop jaren \'80';21727
1564;'Instrumentaal';104612
1565;'Latin';19485
1569;'Overige rap en hiphop';62835
1570;'Overige R&B en Soul';43639
1572;'Alternative Rock';19483
1574;'Heavy Metal';34317
1575;'Soft Rock';19483
1577;'Techno en industrial';19479
1578;'Easy Listening';104612
1579;'Overige wereldmuziek';19485
1580;'Blues';20800
1581;'Dance';20800
1582;'Disco';20800
1583;'Kerstmis en Sinterklaas';20800
1584;'Instrumentaal';20800
1597;'Techno';20800
1598;'Easy Listening';20800
1599;'Wereldmuziek';20800
1603;'Cassettes';25915
2005;'Tinnen speelgoed';19016
2028;'Big Band';20800
2032;'Tuin';11700
2205;'Antiek';7478
2218;'Kleding en textiel';353
2230;'Poëzie en gedichten';267
2234;'Films en tv-series';267
2242;'Roddelbladen';607
2243;'Computers en IT';607
2247;'Religieus, New Age en Gospel';104612
2249;'House';19479
2250;'Indie en Britpop';104612
2252;'Punkrock';19483
2257;'Cabaret en komedie';20800
2264;'Gesproken woord';20800
2265;'Overige 7\'\' singles';20801
2288;'Film DVD\'s';11232
2289;'Overige actie en avontuur';41520
2290;'Overige tekenfilms en animatie';41523
2291;'Tekenfilms';41523
2292;'Overige kinder- en familiefilm';41526
2295;'Overige documentaire';41543
2296;'Overige speelfilms en drama';41550
2298;'Fantasy';41571
2299;'Overige horror en griezel';41558
2302;'Vechtsporten';41520
2303;'Overige concerten';23275
2305;'Mysterie';41539
2307;'Overige sciencefiction';41571
2310;'Oorlog en militair';41520
2312;'Overige fanartikelen';196
2323;'Posters';57
2334;'Popsterren en idolen';157499
2474;'POTF 2  (1989 - 1999';112034
2475;'Vintage (1977 - 1989';112034
2476;'Episode 1';112034
2485;'Beast wars en machine wars';156076
2505;'Majorette';222
2515;'Solido';222
2543;'Rollenspellen';220
2547;'Sciencefiction';2543
2550;'Overige gezelschapspellen';233
2570;'Knikkers';19016
2575;'Overig Playmobil';19854
2601;'Steiff';220
2605;'Pokémon';8605
2611;'Engels/Amerikaans';60238
2662;'Robots en futuristisch';112024
2663;'Jojo\'s';19016
2761;'Overig aardewerk';60913
2769;'Gouda';60913
2912;'Rugby';888
2913;'Overige hardlopen';56801
2917;'Overige tennis';13340
2984;'Huishoudelijke benodigdheden';12081
2989;'Overig vervoer';15468
2991;'Overig speelgoed';18637
2999;'Casual';34391
3010;'Maat 40-42 (L';12997
3020;'Zwangerschapskleding';9816
3029;'Grote maten';11450
3038;'Kinderkleding- jongens';11450
3051;'Kinderkleding- meisjes';11450
3071;'Blouses';98378
3088;'Overige kralen';153953
3103;'Breien';8423
3114;'Overig scrapping';111848
3116;'Naaien en naaimachines';8423
3186;'Overige tuinmeubels';25863
3192;'Meubels en wonen';11700
3194;'Overig keuken en koken';20626
3254;'Bed & Breakfasts';160939
3287;'Beeld';293
3294;'Rekenmachines';293
3323;'Lenzen';11272
3326;'Fotografica';11272
3327;'Digitale compactcamera\'s';625
3365;'Rome: Republiek';4733
3394;'Verenigd Koninkrijk';45148
3444;'Waardepapieren, aandelen';11116
3467;'Overig Oceanië';128385
3468;'Australië';128385
3478;'Canada';128384
3490;'Ierland';4742
3491;'Flora';4752
3493;'Spanje en kolonies';4742
3496;'Voor 1975';128306
3497;'Faeröer';4742
3498;'Gebruikt';3499
3499;'Verenigd Koninkrijk';4742
3515;'Verenigde Naties';4752
3526;'Atari';11988
3542;'Commodore';8086
3580;'Accessories';127897
3591;'Consoles';127897
3594;'SNES (Supernintendo';37209
3606;'Overige PC games';11046
3617;'NES';37209
3628;'Sleutelhangers';8710
3653;'Mega drive';15110
3665;'Saturn';15110
3666;'Overige kabels en netwerken';32202
3676;'Randapparatuur';160
3691;'Modems';160
3694;'Monitors';3676
3707;'Laptops en onderdelen';160
3727;'Consoles';27713
3736;'PC\'s';160
3783;'Educatief';18793
3805;'Antivirus en beveiliging';18793
3833;'Overige bedels';43048
3952;'Overige stripboeken';63
3956;'Tom Poes en Olivier B. Bommel';63
3972;'Overige Nederlandse strips';63
4096;'Australië en Oceanië';8991
4174;'Overige kunst, antiek, design';353
4178;'Westerns';41520
4184;'Israel';40711
4185;'Korea';40711
4291;'Internet';18793
4301;'Overige Pokémon';60238
4313;'Dreamcast';15110
4341;'Overige actie en avontuur';16663
4344;'Overige Kinder- & familiefilms';35076
4347;'Documentaire en educatief';1508
4352;'Horror en griezel';1508
4355;'Vechtsporten';16663
4361;'Sport en fitness';1508
4365;'Oorlog en militair';16663
4366;'Westerns';16663
4388;'Hockey';888
4599;'Apple, Macintosh';160
4613;'Moederborden';38851
4693;'Overige ontvangers';12941
4696;'G1 en G2';156076
4698;'Japanse kaarten';60238
4716;'Tweede Wereldoorlog';15502
4733;'Antieke en Middeleeuwse munten';11116
4734;'Rome';4733
4735;'Rome: Provincie';4733
4737;'Perzisch, Indisch, Azië';4733
4738;'Grieks';4733
4739;'Arabische wereld';4733
4740;'Chinees';4733
4741;'Keltisch';4733
4742;'Europa';260
4743;'Midden- en Zuid-Amerika';260
4744;'Overige België';40396
4750;'Geschiedenis';4752
4752;'Thematische postzegels';260
4754;'Overige sporten';36684
4756;'Wetenschap en techniek';4752
4757;'Overige verkeer en transport';36735
4773;'Glas in lood en Tiffany';7478
4837;'Overig borduren, breien, haken';127909
4929;'Risque';8991
4941;'Overige Europese niet-Euro';45148
7390;'Antiquarische boeken';353
7398;'Religie';7390
7406;'Geografie en etnografie';7390
7410;'Geschiedenis';7390
7420;'Kunst en cultuur';7390
7427;'Wetenschap en geneeskunde';7390
7435;'Literatuur';7390
7444;'Sociale wetenschappen';7390
7451;'Techniek, verkeer en economie';7390
7456;'Overig antiquariaat';7390
7463;'Grafische kunst';550
7464;'Etsen en gravures';7463
7468;'Antieke schilderijen';40688
7474;'Antieke apparaten';1
7478;'Glas en kristal';353
7479;'Flessen';7478
7484;'Overig glas en kristal';7478
7485;'Etnische kunst';353
7488;'Beeldjes en miniaturen';1211
7491;'Antieke meubels';353
7689;'Reisboeken en -gidsen';267
7736;'Historisch';41520
7746;'Musical en Opera';2288
7755;'Laserdisks';35064
7756;'PAL';7755
7766;'Trance en hardhouse';19479
7769;'Drum & bass en jungle';19479
7770;'Electronica';19479
7782;'Verzamelalbums';1071
7788;'Minidisc';25915
7794;'Keyboards, synths, piano\'s';619
7798;'Strijk- en snaarinstrumenten';619
7825;'Duitsland';260
7849;'Bundespost (D-mark periode';7825
7854;'Gebruikt';88766
7864;'Gebruikt';105293
7870;'BRD 1948 - 1959';7849
7872;'BRD 1960 - 1979';7849
7874;'BRD 1980 - 1989';7849
7875;'BRD 1990 - heden';7849
7876;'Bundespost (Euro periode';7825
7881;'(Semi modern 1945 - heden';40398
7886;'Monaco';4742
7887;'Roemenie';4742
7888;'Overige Europese landen';4742
7890;'Turkije en Cyprus';4742
7891;'Hongarije';4742
7892;'Vaticaanstad';4742
7896;'Kunst en cultuur';4752
7901;'Zegels zonder frankeerwaarde';260
7902;'Brieven';105255
7903;'Europa CEPT';4742
7914;'Verzamelingen en partijen';260
7919;'Europa';7914
7921;'Wereld';7914
7939;'Overige antieke munten';4733
7953;'Overige penningen';18492
7972;'Misslagen en proefdrukken';11116
7975;'Euromunten en -biljetten';11116
7976;'Overige euromunten';7975
7977;'Bulgarije';45148
7985;'Polen';45148
7988;'Zweden';45148
7990;'Wereldwijde munten';11116
7991;'Egypte en Arabische Staten';127144
7992;'Mexico';45145
7993;'Overige Latijns Amerika';45145
7994;'Zilveren en gouden munten';7990
7999;'Verzamelingen en partijen';11116
8008;'Azië';12822
8045;'Grafische kaarten';38851
8060;'Overige modems';3691
8081;'Scanners';3676
8086;'Retrocomputers';160
8097;'MSX games';11988
8101;'Overige retrocomputers';8086
8119;'Partijen en groothandel';14616
8141;'Amiga';8086
8168;'Overige Nintendo';37209
8241;'Overige games en consoles';14616
8265;'Overige portable spelers';73839
8267;'Overige MP3-spelers';73839
8274;'Analoge spiegelreflexcamera\'s';625
8297;'Accessoires (digitaal';625
8397;'Manicure';47945
8423;'Hobby\'s en handwerken';-1
8438;'Overige tuinaccessoires';2032
8440;'Dierbenodigdheden';11700
8464;'Merkkleding';9817
8471;'Babykleding - jongens';12081
8472;'Overige maat 50';127683
8473;'Overige maat 62';127687
8474;'Overige maat 74';127689
8476;'Overige maat 98/104';98323
8480;'Overige babyartikelen';12081
8497;'Vliegtickets';1305
8503;'Vakantie- en reisbenodigdheden';888
8507;'Rugzakken';8503
8514;'Wintersport';160939
8516;'Overige reisbenodigdheden';8503
8534;'Asterix';63
8541;'Garfield';63
8556;'Tarzan';900
8557;'Kuifje';63
8569;'Overige Belgische strips';63
8575;'Manga';900
8588;'Vanaf 1990';1374
8593;'Figuurtjes';137
8595;'Huishoudelijke artikelen';137
8596;'Kleding';137
8598;'Munten';137
8600;'Posters';137
8602;'Speelgoed';137
8603;'Horloges en klokken';137
8605;'Poppetjes en figuurtjes';1
8617;'Smurfen';8605
8621;'Overige poppetjes';8605
8664;'Booster Packs';218
8665;'Losse kaarten - in print';218
8666;'Losse kaarten - out of print';218
8667;'Verzamelingen';218
8668;'Overige Magic The Gathering';218
8673;'Ruilkaarten en albums';1
8710;'Overige verzamelobjecten';1
8715;'Spaarpotten en geldartikelen';1
8733;'Bierartikelen';1
8735;'Bieretiketten';8733
8736;'Bierflessen';8733
8737;'Bierglazen';8733
8740;'Overige bierartikelen';8733
8743;'Landkaarten';417
8751;'Pennen';8710
8780;'Diddl';1
8781;'A4 blokbladen';100511
8782;'A5 blokbladen';100511
8783;'A6 blokbladen';100511
8784;'(Post kaarten';8780
8789;'Verzamelfiguren en knuffels';8780
8792;'Briefpapier';8780
8796;'Overige Diddl';8780
8820;'Mineralen en fossielen';1
8830;'Pins';47499
8861;'Reclameborden';34
8870;'Zippo\'s';9832
8874;'Overige rookartikelen';9832
8875;'Overige antieke apparaten';7474
8878;'Telefoonkaarten';1
8886;'Motieven';8878
8887;'Nederland';8878
8892;'Ruimtevaart';417
8893;'Overige transport';417
8991;'Ansichtkaarten en foto\'s';1
8998;'Oorlogen';8991
9002;'Dieren';8991
9013;'Auto\'s en transport';8991
9014;'Auto\'s';9013
9018;'Vliegtuigen';9013
9019;'Schepen';9013
9031;'Overig Europa';33388
9033;'Azië';8991
9035;'Treinen';1188
9040;'Overig Spoor N';13292
9047;'Brochures e.d.';9035
9053;'Spoor H0';9035
9056;'Roco';9053
9060;'Fleischmann';9053
9090;'Bburago';222
9097;'Herpa';222
9107;'Hot wheels';222
9108;'Minichamps';222
9114;'Norev';222
9125;'Siku';222
9141;'Bouwpakketten';1188
9153;'Radiobestuurd';1188
9165;'Overig constructief speelgoed';18993
9173;'Auto\'s';22138
9177;'Kennis- en vraagspellen';233
9178;'Bordspellen';233
9185;'Verzamelingen en partijen';220
9192;'Fietsen en fietssport';888
9194;'Racefietsen';9192
9202;'Watersporten';888
9206;'Overige sportverzamelartikelen';202
9284;'Overige horloges';26088
9291;'Overige sporthorloges';91068
9295;'Onderdelen en accessoires';281
9301;'Verzamelingen en partijen';281
9319;'Bijoux';281
9321;'Ringen';9319
9322;'Gewone oorsieraden';10985
9348;'Cherished Teddies';386
9355;'GSM\'s';14675
9394;'Accessoires en onderdelen';14675
9399;'Siemens';115680
9431;'Diensten';12576
9435;'Groothandel en restpartijen';12576
9559;'Cursussen en opleidingen';9431
9560;'Financieel en juridisch';9431
9574;'Overige diensten';9431
9662;'Partijen en groothandel';160
9715;'Overige industrie en kantoor';12576
9800;'Auto\'s, motoren en boten';-1
9801;'Auto\'s';9800
9804;'Motoren';9800
9812;'Overig transport en verkeer';64802
9815;'Kantoorartikelen en inrichting';12576
9816;'Dameskleding';11450
9817;'Herenkleding';11450
9820;'Actiefiguren';8605
9822;'Overige wargames';16486
9824;'Overige Star Wars';112034
9830;'Overige aanstekers';9832
9832;'Rookartikelen, Zippo\'s';1
9834;'Alfa Romeo';9801
9835;'Audi';9801
9837;'BMW';9801
9843;'Fiat';9801
9844;'Ford';9801
9855;'Mercedes';9801
9858;'Opel';9801
9859;'Peugeot';9801
9860;'Porsche';9801
9861;'Renault';9801
9872;'Volvo';9801
9873;'Volkswagen';9801
9883;'Overige auto\'s';9801
9884;'Autoaccessoires en onderdelen';9800
9887;'Overige accessoires';82099
9888;'Standaard velgen';14770
9891;'Banden';14770
9895;'Overige onderdelen';63318
9903;'Overige oldtimers';18323
9939;'Scooters en brommers';9800
9973;'Overige verbruiksartikelen';106261
9975;'GI Joe';9820
9980;'Transformers';75718
9983;'Overige actiefiguren';9820
9992;'Glamrock';19483
10434;'Overig onderhoud';30167
10511;'Skating en rolschaatsen';888
10514;'Paardensport';888
10518;'Duiksport';888
10525;'Barbie';226
10584;'Filters';11272
10615;'Luidsprekers';14969
10682;'Verzamelaarshorloges';26088
10705;'Parels';281
10914;'Just the Right Shoe';8710
10960;'Harley Davidson';34
10975;'Armbanden';281
10985;'Oorsieraden';281
10994;'Hangers';281
11006;'Hangers';9319
11007;'Broches';281
11015;'Overige sieraden';281
11046;'PC games';14616
11047;'Actie en avontuur';11046
11048;'Arcade';11046
11049;'Racen';11046
11050;'Rollenspellen';11046
11051;'Simulatie';11046
11053;'Strategie';11046
11116;'Munten en bankbiljetten';-1
11226;'Besturingssystemen';18793
11232;'Film en DVD';-1
11233;'Muziek en -instrumenten';-1
11262;'Domeinnamen en webhosting';12576
11272;'Accessoires (analoog';625
11285;'Benodigdheden honden';8440
11321;'Actie en avontuur';15122
11323;'Racen';15122
11324;'Rollenspellen';15122
11326;'Sport';15122
11327;'Strategie';15122
11328;'Consoles';21186
11373;'Loepen';22490
11450;'Kleding en mode';-1
11700;'Huis en tuin';-1
11731;'Educatief speelgoed';220
11748;'Land- en tuinbouw';12576
11777;'Therapeutische producten';47867
11815;'Medische benodigdheden';12576
11838;'Lichaamsverzorging';12155
11853;'Overige haarverzorging';47879
11874;'Horeca';12576
11890;'Winkelinrichting en inventaris';12576
11988;'Retro spelcomputers';14616
12065;'Elektronica-onderdelen';293
12081;'Baby';-1
12090;'Broeken';9816
12104;'Damesschoenen';11450
12109;'Accessoires';11450
12111;'Sjaals en dassen';12109
12136;'Herenschoenen';11450
12155;'Gezondheid en verzorging';-1
12157;'Parfum, eau en after shave';12155
12165;'Overige keukenapparatuur';30329
12171;'Bessy';63
12172;'Jerom';63
12174;'Lucky Luke';63
12214;'Motorfietsen';1188
12294;'Klokken en uurwerken';3192
12395;'Prepaid kaarten en -pakketten';14675
12417;'Motorola';15073
12423;'Nokia';15073
12427;'Overige frontjes en covers';111202
12429;'Panasonic';15073
12434;'Philips';15073
12440;'Sagem';15073
12446;'Samsung';15073
12452;'Siemens';15073
12547;'Poppenhuizen en toebehoren';226
12549;'Poppenkleding en -artikelen';226
12576;'Industrie en kantoor';-1
12593;'Superhelden';41520
12805;'Chansons';20800
12810;'Bladmuziek en muziekboeken';619
12821;'Afrika';12822
12822;'Biljetten Buitenland';11116
12823;'Australië';12822
12824;'Oceanië';12822
12838;'Microfoons';3676
12909;'PA- en podiumapparatuur';21770
12941;'Satelliet- en kabelontvangers';3287
12952;'Overige huishoudelijke app';20710
12982;'Overige maat 68';127688
12984;'Overige maat 80';127690
12985;'Overige maat 86';127691
12989;'Avondkleding';9816
12995;'Avondkleding en bruidskleding';3029
12997;'Combinaties en mantelpakken';9816
12998;'Maat 32-34 (XXS/XS';12997
12999;'Maat 36 (S';12997
13016;'Jeans';9816
13019;'Broeken en jeans';3029
13021;'Blouses';9816
13027;'Blouses en hemden';3029
13029;'Truien';9816
13035;'Truien';3029
13045;'Jasjes en blazers';9816
13051;'Jassen en jasjes';3029
13126;'Truien';9817
13135;'Pantalons';9817
13154;'Sportkleding';11450
13213;'Jassen en jasjes';98333
13214;'Jassen en jasjes';98374
13219;'Blouses en overhemden';98333
13220;'Blouses en overhemden';98374
13225;'Broeken';98333
13226;'Broeken';98374
13231;'Truien';98333
13232;'Truien';98374
13236;'Maat 32-41';80947
13242;'Jassen en jasjes';98386
13243;'Jassen en jasjes';98390
13246;'Truien';98386
13247;'Truien';98390
13250;'Blouses';98386
13251;'Blouses';98390
13254;'Rokken en jurken';98386
13255;'Rokken en jurken';98390
13258;'Broeken';98386
13259;'Broeken';98390
13264;'Make-up';12155
13292;'Spoor N';9035
13296;'Schuco';222
13315;'Lego en Duplo';220
13327;'Overige vakantie';160939
13331;'Voetbal';888
13334;'Golf';888
13340;'Tennis';888
13347;'Overige sporten';888
13353;'Bootkleding';9800
13355;'Verf en onderhoud';36629
13358;'Overige bootaccessoires';36629
13361;'Fitness en training';888
13362;'Overige fitness';13361
13364;'Vlieg- en luchtsport';888
13368;'Funsport';888
13379;'Overige paardensport';10514
13389;'Skiën en langlaufen';888
13394;'Snowboarden';888
13419;'Gewone hangers';10994
13436;'Motorola';23979
13437;'Nokia';23979
13441;'Samsung';23979
13493;'Rokken';9816
13518;'Jokers en speelkaarten';1
13658;'Stripfiguren';75718
13846;'Sneeuwkogels';137
13926;'Chocolade-artikelen';1
13976;'Voor 1940';15502
13992;'Kranten';607
13998;'Koningshuizen';8991
14027;'Motoren';267
14049;'Luchtvaart';417
14233;'Brochures en documentatie';9800
14235;'Tijdschriften en jaarboeken';14233
14256;'Overige caravans en vouwwagens';44794
14258;'Auto audio, video en navigatie';9800
14259;'Autoradio\'s met cd en mp3';14258
14260;'Autoradio\'s met cassette';14258
14261;'Autoradio\'s met minidisc';14258
14263;'Cd-spelers en -wisselaars';14258
14264;'Equalizers';14258
14274;'Overig audio, video, navigatie';14258
14291;'Intel';78769
14328;'Overige herenhorloges';91064
14357;'Aas';1492
14385;'Waterski\'s';1293
14450;'Bestelauto\'s';46159
14483;'Huidige albums';127799
14596;'Nederlandstalig';20801
14601;'Nederlandstalig';21733
14604;'Nederlandstalig';104612
14616;'Games en consoles';-1
14675;'GSM en telecom';-1
14732;'Classic Rock';19483
14761;'Tuning, styling en interieur';9884
14767;'Overige tuning, styling, int.';14761
14768;'Carrosserie';9884
14769;'Overige carrosserie';14768
14770;'Velgen en banden';9884
14771;'Overige velgen en banden';14770
14780;'Motoronderdelen en -access.';9800
14784;'Motorkleding en helmen';9800
14785;'Helmen en toebehoren';14784
14788;'Overige motorkleding';14784
14803;'Geheugenkaarten';8297
14824;'Keukenweegschalen';30329
14830;'Overige maat 56';127686
14890;'Acteurs';33416
14969;'Geluid';293
15034;'Overige batterijen en opladers';15073
15036;'Overige telefoontasjes';24040
15049;'Telefoons en faxen';14675
15073;'Batterijen en opladers';9394
15103;'Games';127897
15110;'Sega';14616
15120;'Games';27713
15122;'Games';21186
15456;'Verzorging';12081
15458;'Overige verzorging';15456
15460;'Overige voeding';106769
15468;'Vervoer';12081
15471;'Babykamers en -meubels';2984
15476;'Wiegen';2984
15477;'Commodes';2984
15502;'Militaria';1
15510;'Vliegtuigen';1188
15514;'Partijen en losse onderdelen';13315
15537;'Inktpatronen';106261
15643;'Nachtkleding';98380
15720;'Bruidskleding';9816
15770;'Bad- en strandmode';11450
15811;'Gymschoenen';12104
15816;'Hoge laarzen';127937
15918;'AMD';78769
16078;'Boottickets';1305
16157;'Overige games';15122
16486;'Wargames';220
16528;'Overig keramiek';60913
16531;'Blikken, brons en tin';1211
16533;'Overige kunstvoorwerpen';1211
16663;'Actie en avontuur';1508
16665;'Comedy en humor';1508
16672;'Tekenfilms en animatie';1508
16674;'Thriller en misdaad';1508
16675;'Sciencefiction en fantasy';1508
16679;'Overige video\'s';1508
16911;'Tot 600 cc';9804
16918;'600 tot 1000 cc';9804
16925;'Zwaarder dan 1000 cc';9804
16991;'Kantoorartikelen';9815
17032;'Overige treinen';9035
17076;'Batman';900
17082;'Spider-Man';900
17084;'Superman';900
17085;'X-men';900
17090;'Harde kaft';63
17157;'Kinderen van 6 tot 9 jaar';1093
17163;'Baby, peuter en kleuter';1093
17214;'1990 - heden';131188
17330;'Overige dameshorloges';91060
17351;'Overige gezondheid';12155
17355;'Unisex-schoenen';128240
17550;'Overige CD-singels';21733
17725;'Overige sportartikelen';113754
17771;'Gebruikt';25793
17797;'Overige fauna';36702
17805;'Overige andere formaten';35064
18174;'Citroën';9801
18179;'Daewoo';9801
18180;'Ferrari';9801
18183;'Hyundai';9801
18185;'Jaguar';9801
18186;'Lancia';9801
18187;'Maserati';9801
18206;'Honda';9801
18211;'Mazda';9801
18230;'Mitsubishi';9801
18238;'Nissan';9801
18262;'Rover';9801
18263;'Saab';9801
18270;'Seat';9801
18275;'Skoda';9801
18276;'Smart';9801
18277;'Subaru';9801
18283;'Suzuki';9801
18290;'Toyota';9801
18307;'Overige transportvoertuigen';46159
18323;'Oldtimers';9884
18332;'Handleidingen';14233
18369;'Brochures en folders';14233
18370;'Italiaanse merken';18369
18373;'Franse merken';18369
18379;'Aziatische merken';18369
18384;'Duitse merken';18369
18391;'Engelse merken';18369
18405;'Overige merken';18369
18449;'Quads en trikes';9800
18466;'Middeleeuws';4733
18478;'Litouwen';45148
18479;'Tsjechoslowakije';45148
18480;'Turkije';45148
18483;'Caraïben';45145
18492;'Penningen';11116
18504;'Herinneringspenningen';18492
18546;'Onderdelen en accessoires';3707
18552;'Netwerkkaarten';32202
18605;'DJ-apparatuur';21770
18634;'Babyschoenen';12081
18637;'Speelgoed';12081
18638;'Prentenboeken';18637
18639;'Speelsets en speelkleden';18637
18640;'Rammelaars en bijtringen';18637
18643;'Beddengoed';2984
18648;'Muppet Show';8605
18677;'Overige fietskleding';22171
18755;'Medailles';11116
18793;'Software';160
18823;'Foto\'s';196
18824;'Oude films';18823
18826;'Overige foto\'s';18823
18828;'Posters, affiches en kaartjes';1
18854;'Tv en series';18823
18923;'Overige golf';13334
18925;'Kleding';13334
18993;'Constructief speelgoed';220
19005;'Mindstorms';13315
19006;'Sets en overige lego';13315
19012;'Bionicle';13315
19016;'Klassiek speelgoed';220
19017;'Frisbees en boemerangs';25960
19024;'Hobbelpaarden';19016
19071;'Elektronisch speelgoed';220
19085;'Poker';233
19110;'Dozen';218
19114;'Complete sets';218
19115;'Starter decks';218
19295;'Kampeerartikelen en tenten';8503
19355;'Antieke gebruiksvoorwerpen';353
19380;'Delfts blauw';60913
19386;'Wandborden en tegels';353
19389;'Antiek keramiek';60913
19398;'Zilverwerk';1211
19449;'Stenen tijdperk';37082
19450;'Brons- en ijzertijd';37082
19451;'Keltisch';37082
19452;'Griekenland';37082
19453;'Romeinse tijd';37082
19454;'Middeleeuwen';37082
19455;'16e en 17e eeuw';37082
19464;'Gezondheid en voeding';267
19466;'Sport';267
19479;'Dance';104612
19481;'Klassiek';104612
19483;'Rock';104612
19485;'Wereldmuziek';104612
19516;'Herdenkingseuromunten';7975
19605;'CD-spelers';14969
19632;'Cassettespelers';14969
19671;'Radio\'s en wekkerradio\'s';14969
19721;'Projectors';3287
19736;'Tops';9816
19743;'Zintuigontwikkeling';18637
19747;'Verlichting en decoratie';2984
19758;'Hout';25850
19804;'Gereedschap (hand';19859
19809;'Barbecues';2032
19817;'Vijvers en fonteinen';2032
19825;'Spiegels';8733
19844;'Racebaan en slotcars';1188
19854;'Playmobil';220
19858;'Natuur';19854
19859;'Gereedschappen';11700
19862;'Kasten en vitrines';3192
19875;'Vakantiehuisjes';160939
19963;'Apparaten';13361
19971;'Toebehoren';13361
19995;'Overige Barbie';10525
20049;'Tv-series en -programma\'s';1508
20136;'Olieverf';40688
20150;'Beeldhouwkunst';550
20253;'China';9033
20259;'Japan';9033
20264;'Zuidoost-Azië';9033
20353;'Motorola';111202
20387;'Consoles';27717
20389;'Accessoires';30307
20391;'Consoles';30307
20453;'Dekens';3192
20460;'Beddengoed en kussens';3192
20498;'Bemesting en onderhoud';2032
20510;'Overige decoratie';25817
20563;'Sierkussens';3192
20571;'Tapijten en vloeren';3192
20626;'Keuken- en kookbenodigdheden';11700
20628;'Pannen en schalen';20626
20710;'Huishoudelijke apparatuur';11700
20721;'Parasols';2032
20727;'Zwembaden';2032
20734;'Benodigdheden vogels';8440
20754;'Benodigdheden vissen';8440
20799;'Karaoke';104612
20800;'LP\'s en Maxi\'s (12\'\' , 10\'\'';1071
20801;'Singles (7\'\'';1071
20809;'Jazz, blues en soul';20801
20835;'Boog- en schietsport';888
20852;'IJshockey';888
20870;'Ballen';13340
21186;'Playstation 2';14616
21209;'Biljarten, pool en snooker';888
21214;'American football';888
21225;'Schaatsen';888
21254;'K\'NEX';18993
21530;'Amerika';8991
21533;'Motoren';64802
21583;'Antieke instrumenten';353
21618;'Midden-Oosten';37082
21641;'Speakers';14258
21646;'Overige navigatiesystemen';38776
21647;'Versterkers';14258
21665;'Banden en velgen';14780
21687;'Encyclopedieën';267
21701;'Mannentijdschriften';607
21725;'Garage';19479
21726;'Gothic';19483
21727;'Pop';104612
21730;'Nu Metal';34317
21731;'Rock \'n\' Roll';19483
21733;'CD-singles en maxi\'s';11233
21735;'Dance en house';21733
21756;'Overige verzamelobjecten';157499
21758;'Blaasinstrumenten';619
21762;'Gitaren en versterkers';619
21767;'Slagwerk en drums';619
21770;'Studio- en live-apparatuur';11233
21771;'Overige apparatuur';21770
22132;'Overig elektronisch speelgoed';19071
22133;'Houten speelgoed';220
22138;'Voertuigen';220
22140;'Driewielers';22138
22142;'Steps';22138
22144;'Overige voertuigen';22138
22146;'Overige poppen';226
22148;'Overige buitenspeelgoed';25960
22152;'Partyspellen';233
22157;'Puzzels';220
22171;'Fiets- en wielrenkleding';9192
22177;'Zadels en toebehoren';10514
22182;'Toebehoren';10514
22351;'Facilitaire dienstverlening';9431
22361;'Computers en IT';9431
22411;'DVD-boxsets en verzamel-DVD\'s';2288
22417;'Kaartspellen';233
22421;'Antieke boeken';7390
22423;'Bibliofilie en boekkunst';7390
22439;'Loopstoelen en schommels';18637
22449;'Houten speelgoed';18637
22490;'Optiek';12155
22491;'Overige optiek';22490
22520;'Chillout en ambient';19479
22534;'Mixers';30329
22537;'Overige gezichtsverzorging';26528
22538;'Overige lichaamsverzorging';11838
22563;'Logboeken en stempels';10518
22782;'Disney';4752
22825;'1815 - 1840 Willem I';28683
22826;'1840 - 1849 Willem II';28683
22827;'1849 - 1890 Willem III';28683
22829;'Nederlands Indië';28683
22832;'Overige Juliana';128245
22833;'Overige Beatrix';128254
22835;'Muntsets';28683
22836;'Halve gulden';105224
22838;'Zilveren en gouden munten';28683
22839;'Overige Nederlandse munten';28683
22883;'Rock';21733
22937;'België gewone Post';40396
22948;'FDC\' s en maximum kaarten';40396
22951;'Eerste emissie 1852';128283
22952;'1980 - 1989';128283
22953;'FDC E450 -  heden';105246
22954;'PB16 - PB30';105250
22955;'Overige brieven';105255
22959;'Port';40413
22960;'Overige Nederland';40413
22961;'1950 - 1959';128283
23022;'Interieur';82099
23056;'Huis, tuin en hobby';7390
23062;'Kinderboeken';7390
23116;'Vintage tassen';37008
23154;'Muizen';3676
23212;'Detectives';267
23260;'Muziek- en concertvideo\'s';11233
23275;'Concerten en events';154051
23277;'Overige DVD\'s';154051
23293;'Overige formaten';25915
23418;'Sandalen en slippers';12104
23419;'Platte schoenen';12104
23487;'Overige damesschoenen';12104
23528;'Feest- en carnavalskleding';3051
23537;'Overig breien';3103
23589;'Spenen';15456
23590;'Borstvoedingbenodigdheden';106769
23595;'Beschermhekjes';2984
23609;'Badspeeltjes';18637
23610;'Wandel- en kinderwagens';15468
23621;'Buggy\'s en joggers';15468
23685;'Moderne poppen';226
23698;'Goud - puur';10994
23704;'Goud - puur';67725
23724;'Pennen';281
23775;'Zilver';67725
23931;'Overige dance';19479
23937;'Batterijen en accu\'s';11272
23979;'Datakabels';9394
23980;'Overige datakabels';23979
24001;'Overige headsets en carkits';115680
24011;'Panasonic';115680
24012;'Philips';115680
24013;'Sagem';115680
24014;'Samsung';115680
24040;'Telefoontasjes';9394
24045;'Overige accessoires';9394
24046;'Jurken';9816
24052;'Rokken en jurken';3029
24071;'Jeans';9817
24080;'Sportschoenen';13154
24137;'Truien';98331
24318;'Serviesgoed';20626
24354;'Benodigdheden katten';8440
24365;'Paardrijsport';105967
24369;'Formule 1 en racesport';888
24395;'Overige Franse strips';63
25612;'Hotels';160939
25632;'Overige accessoires';14780
25634;'Scooter- en brommeronderdelen';9800
25641;'Accessoires en gereedschappen';14780
25642;'Beschermhoezen';14780
25653;'Kinderstoelen en wipstoeltjes';2984
25664;'Accessoires';15468
25668;'Fiets- en autostoeltjes';15468
25682;'Lifestyle en mode';607
25734;'Antieke poppen';226
25757;'Design';353
25763;'1980-1989';25757
25764;'1990-1999';25757
25785;'Religieuze kunst';353
25791;'Oostenrijk';4742
25793;'Zwitserland';4742
25797;'Motoren';417
25804;'Kleding en textiel';1
25817;'Decoratie';3192
25822;'Overige huis en tuin';11700
25849;'Keukens en keukenonderdelen';11700
25850;'Knutselen';8423
25852;'Overig schilderen';30471
25856;'Overige sieradenhobby\'s';111837
25863;'Tuinmeubels';2032
25890;'Pop jaren \'90';21727
25892;'Pop jaren \'60';21727
25893;'Pop jaren \'70';21727
25894;'Reggae en Ska';104612
25898;'Verzamelalbums';104612
25915;'Overige muziekformaten';11233
25918;'Maat 44-46 (XL';12997
25930;'Scoubidou';220
25934;'Blikken speelgoed';19016
25956;'Muziekinstrumenten';220
25960;'Buitenspeelgoed';220
25961;'Vliegers';19016
25962;'Rolschaatsen';25960
25964;'Speeltuin';25960
26043;'Camcorders en filmcamera\'s';3287
26066;'Analoge compactcamera\'s';625
26088;'Horloges';281
26109;'Piercings';281
26124;'Beautycases';8503
26143;'Vechtsporten';888
26148;'Sporttassen';113754
26328;'Darts';888
26500;'Overige hobby\'s';8423
26501;'Tekeningen';7463
26512;'Grammofoons';7474
26517;'Denemarken';45148
26523;'Noorwegen';45148
26527;'Overige manicure en nagels';47945
26528;'Gezichtsverzorging';12155
26535;'Overige gezondheidsartikelen';47867
26612;'Dierenobjecten';8710
26672;'Badkamers en -onderdelen';11700
26677;'Badkamers en sanitair';3192
26685;'Hogedrukreinigers';2032
26696;'Benodigdheden knaagdieren';8440
26703;'Overige dierbenodigdheden';8440
26716;'Funk';43639
26718;'Filmmuziek en soundtracks';104612
26762;'CD-, DVD-drives en -writers';38851
26788;'Controllers';38851
26793;'Switches en hubs';32202
26989;'Zilver';10994
27031;'Laarzen en schoenen';10514
27183;'Games';27717
27216;'Games';30307
27232;'Kinderen en familie';11046
27234;'Schieten';11046
27256;'Schieten';15122
27294;'Dragon';9820
27322;'Kunst en cultuur';267
27324;'Geschiedenis';267
27329;'Atlassen';267
27342;'Video-CD';35064
27422;'Disco';20801
27445;'Bekabeling';14258
27489;'Overige schilderkunst';40688
27532;'Overige meubels en wonen';3192
27541;'Garen';127909
27544;'Overig naaien en naaimachines';3116
27559;'Benodigdheden reptielen';8440
27577;'CD- en vinylaccessoires';11233
27578;'Reiniging en reparatie';27577
27579;'Overige accessoires';27577
27657;'Overig Spoor H0';9053
27659;'Vintage (1977 - 1989';29495
27668;'Schrijf- en schoolgerei';220
27691;'Kantoorapparatuur';9815
27704;'Presentatiemateriaal';9815
27713;'Playstation';14616
27717;'Xbox';14616
27760;'Overige accessoires';8297
27917;'Kleding';13361
27922;'Accessoires en onderdelen';9192
28110;'Benodigdheden';30471
28179;'Verrekijkers en telescopen';293
28572;'Aanhangwagens';46159
28642;'Verlichting';63318
28648;'Lichtmetalen velgen';14770
28658;'Verzamelingen en partijen';63
28667;'Digitale kunst en fotografie';550
28671;'Duitsland';7975
28675;'Finland';45148
28677;'Frankrijk';45148
28679;'Griekenland';45148
28681;'Italië';45148
28683;'Nederlandse niet-euromunten';11116
28687;'Spanje';45148
28703;'M.A.S.K';9820
28712;'Episode 2';112034
28716;'Na 1945';15502
28727;'Grasmaaiers';2032
28748;'Karaoke';23275
28760;'Jazz';43619
28761;'Big Band';43619
28764;'Afrikaans';19485
28786;'Plateauzolen';12104
28811;'Meccano';18993
28813;'Avontuur';19854
28820;'Stadsleven';19854
28837;'Laptops';3707
28844;'Toetsenborden (met draad';3676
28939;'Handleidingen';14969
28958;'Brillen en monturen dames';22490
28972;'Brillen en monturen kinderen';22490
28973;'Brillenhouders en -etuis';22490
29056;'Tuig';10514
29223;'1900 - 1939';22421
29224;'Romans';267
29240;'Architectuur en decoratie';607
29241;'Kunst en cultuur';607
29301;'Economie en marketing';267
29484;'Mensen en gezichten';8991
29495;'Star Wars';75718
29741;'TV-ontvangers';12941
29750;'Oldtimers en klassiekers';9801
29757;'MG';9801
29792;'Luisterboeken';267
29798;'Harry Potter';75718
29799;'Lord of the Rings';75718
30100;'Boksen';888
30154;'Disco- en karaoke-apparatuur';14969
30164;'Daihatsu';9801
30167;'Onderhoud';9884
30168;'Autowax en reiniging';30167
30172;'Sportstoelen en gordels';14761
30208;'Dameskleding';14784
30222;'Herenkleding';14784
30234;'Koffers en bagage';14780
30244;'Luieremmers';15456
30245;'Potjes/wc-stoeltjes';15456
30246;'Mondverzorging';15456
30247;'Bad en hygiëne';15456
30261;'Architectuur';4752
30307;'Gamecube';14616
30311;'Fornuizen en ovens';30329
30322;'Wasmachines en -drogers';20710
30329;'Keukenapparatuur';11700
30332;'Afwasmachines';30329
30335;'Stofzuigers';20710
30369;'Contactlenzen';22490
30471;'Schilderen';8423
30489;'Servetten';8423
30503;'Gereedschap (elektrisch';19859
30517;'Bouwmaterialen';11700
30588;'Zwembroeken en shorts';15770
30602;'Overige grafische kunst';7463
30612;'Zeefdrukken';7463
30617;'Antieke lampen';353
30629;'Kleden en tapijten';353
30675;'Gebouwen';1188
30684;'België';45148
30685;'Arabisch';19485
30736;'Sigarenbandjes';1
30744;'Mountainbikes';9192
30751;'Stadsfietsen';9192
30752;'Damesfietsen';30751
30753;'Herenfietsen';30751
30760;'Triathlon';888
30892;'Smeermiddelen';30167
30896;'Gereedschap';82099
30939;'CD-R(W en DVD-R(W';106261
30965;'Toetsenborden (draadloos';3676
31021;'Maat 32-34 (XXS/XS';12090
31022;'Maat 36 (S';12090
31023;'Maat 40-42 (L';12090
31024;'Maat 44-46 (XL';12090
31027;'Overige broeken';12090
31058;'T-shirts';9816
31063;'Overige shirts lange mouw';53159
31065;'Shirts';3029
31091;'Spoor 0';9035
31122;'Tamiya';222
31134;'Ierland';45148
31135;'Monaco';45148
31136;'Portugal';45148
31137;'San Marino';45148
31138;'Vaticaan';45148
31291;'Lampen en verlichting';3192
31298;'Overige avondkleding';12989
31300;'Overige combinaties';12997
31301;'Overige jurken';24046
31302;'Overige rokken';13493
31304;'Overige blouses';13021
31305;'Overige tops';19736
31306;'Overige truien';13029
31308;'Overige jasjes en blazers';13045
31365;'Badminton';888
31394;'Dozen';60241
31396;'Booster Packs';60241
31398;'Warhammer';16486
31413;'Haargroeimiddelen';47879
31731;'Lijm en tape';111848
32114;'Shirtjes en blouses';127688
32115;'Rompertjes';127688
32116;'Broekjes';127688
32118;'Jasjes';127688
32119;'Pakjes';127688
32121;'Truitjes en vestjes';127688
32124;'Shirtjes en blouses';127689
32125;'Rompertjes';127689
32126;'Broekjes';127689
32128;'Jasjes';127689
32129;'Pakjes';127689
32131;'Truitjes en vestjes';127689
32135;'Caraïben';260
32136;'Azië';260
32137;'China';32136
32138;'Japan';32136
32202;'Kabels en netwerk';160
32225;'Analoog';3691
32226;'ADSL';3691
32228;'ISDN';3691
32254;'Bedden en lattenbodems';3192
32274;'Verwarming binnen';11700
32309;'Kostuums, pakken en smokings';9817
32315;'T-shirts korte mouw';9817
32331;'Overige maten';32309
32372;'Overige jongensschoenen';80947
32404;'Overige meisjesschoenen';80922
32442;'Revalidatie en hulpmiddelen';12155
32443;'EHBO-producten';12155
32464;'Glazen en bekers';20626
32475;'Luxemburg';45148
32476;'Rusland';45148
32511;'Lood en gordels';10518
32516;'Kleding en schoenen';10518
32522;'Instrumenten';10518
32529;'Luchtflessen';10518
32537;'Onderwatercamera\'s';10518
32542;'Dans en ballet';888
32633;'Caravans';44794
32642;'Avontuur';41520
32675;'Thrillers';267
32676;'Sciencefiction en fantasy';267
32680;'Esoterie en spiritualiteit';267
32754;'Fantastische Vier';900
32757;'Hulk';900
32768;'Wonder Woman';900
32852;'Home cinema en DVD-spelers';3287
32898;'Draadloos en WiFi';32202
32901;'Koffiezetapparaten';30329
32935;'Batterijen en accu\'s';8297
32948;'Fotoalbums en fotolijsten';11272
32973;'Sony Ericsson';115680
32976;'Sony Ericsson';24040
33012;'Hardrock, metal';157499
33052;'Overige Lord of the Rings';60225
33092;'Jassen';9816
33093;'Maat 32-34 (XXS/XS';33092
33094;'Maat 36 (S';33092
33095;'Maat 40-42 (L';33092
33096;'Maat 44-46 (XL';33092
33100;'Overige jassen';33092
33111;'Jassen';9817
33120;'Overige ondergoed';84539
33131;'Antieke sieraden';281
33219;'Märklin';9053
33288;'Death Metal';34317
33290;'Speed en Thrash Metal';34317
33305;'Barbiepoppen';10525
33317;'Accessoires';10525
33356;'Duitsland';33388
33388;'Europa';8991
33389;'Joegoslavië (voormalig';33388
33390;'Letland';33388
33391;'België';33388
33392;'Denemarken';33388
33393;'Finland';33388
33394;'Frankrijk';33388
33395;'Griekenland';33388
33396;'Groot-Brittannië';33388
33397;'Italië';33388
33398;'Monaco';33388
33400;'Afrika';8991
33402;'Canada';21530
33403;'Overig Amerika';21530
33404;'Midden-Amerika';21530
33405;'Zuid-Amerika';21530
33406;'Thema\'s';8991
33416;'Artiesten en beroemdheden';8991
33421;'Fotomontage en kunst';8991
33444;'Advertenties en reclame';8991
33448;'Sport';8991
33450;'Motoren';9013
33465;'Overige voetbal';13331
33466;'Voetbalplaatjes en foto\'s';13331
33468;'Vlaggen';13331
33469;'Programma\'s';13331
33471;'Toegangskaarten';13331
33482;'Basketbal';888
33485;'Shirts';68752
33497;'Tafeltennis';888
33503;'Overige fietsen';9192
33559;'Remmen';63318
33707;'Lampen, LEDs en neon';14761
33914;'Tatoeages';12155
33977;'Albums';111848
33978;'Die-cuts en stanzen';111848
34002;'Jolees, stickers en rub-ons';111848
34178;'Guust Flater';63
34291;'Provinciale munten';28683
34294;'Shirtjes en blouses';127690
34295;'Rompertjes';127690
34296;'Broekjes';127690
34298;'Jasjes';127690
34299;'Pakjes';127690
34301;'Truitjes en vestjes';127690
34304;'Shirtjes en blouses';127691
34305;'Rompertjes';127691
34306;'Broekjes';127691
34308;'Jasjes';127691
34309;'Pakjes';127691
34311;'Truitjes en vestjes';127691
34317;'Metal';104612
34345;'Overige kantoorartikelen';9815
34378;'Bakbenodigdheden';20626
34391;'Overhemden';9817
34424;'Viewmaster';8710
34425;'Overige benodigdheden';37528
34461;'Europa (niet-Euro';12822
34470;'Nederlandse bankbiljetten';11116
34514;'Korte reizen en trips';160939
34573;'Arrangementen';160939
34578;'Sportieve vakanties';160939
34628;'Nederland';8991
34629;'Noorwegen';33388
34631;'Polen';33388
34632;'Rusland';33388
34633;'San Marino';33388
34634;'Zweden';33388
34636;'Spanje';33388
34637;'Vaticaanstad';33388
34742;'Bierblikjes';8733
34748;'Flessen';35692
34749;'Glazen';35692
34755;'Overige drankmerken';35692
34760;'Lucifersdoosjes';9832
34775;'Bussen';417
34777;'Vrachtvervoer';417
34814;'Concert- en festivalkaartjes';11233
34856;'Sportwedstrijden';1305
34935;'Bouwmateriaal';12576
34939;'Edelmetalen';11116
34976;'Mokken';8780
35009;'Politie en detective';41539
35014;'Disney';41523
35015;'Komedie en humor';2288
35016;'Brits';35015
35018;'Slapstick';35015
35026;'Tiener';41558
35042;'Voor 1900';18828
35064;'Andere formaten';11232
35066;'Actie';16663
35067;'Avontuur';16663
35071;'Superhelden';16663
35072;'Rampen';16663
35076;'Kinder- en familiefilms';1508
35123;'Boekenweekgeschenk';267
35263;'Oud-duitse staten';7825
35282;'Albanie';4742
35288;'Bulgarije';4742
35289;'Denemarken';4742
35290;'Overig Finland';128312
35291;'Griekenland';4742
35293;'Luxemburg';4742
35295;'Noorwegen';4742
35303;'Afrika';260
35305;'Zuid-Afrika';35303
35309;'India';32136
35310;'Indonesië';32136
35311;'Israël';32136
35312;'Cambodja';32136
35313;'Korea';32136
35314;'Vietnam';32136
35315;'Thailand';32136
35322;'Accessoires';260
35384;'Handschoenen';12109
35385;'Petten en caps';12109
35400;'Sport en spel';7390
35416;'Oostenrijk';45148
35422;'Oostenrijk';7975
35427;'Albanië';45148
35428;'Frankrijk';7975
35433;'Joegoslavië';45148
35434;'Monaco';7975
35438;'Nederland';7975
35443;'Roemenië';45148
35444;'San Marino';7975
35448;'Spanje';7975
35453;'Vaticaan';7975
35475;'Ierland';33388
35476;'Liechtenstein';33388
35477;'Luxemburg';33388
35478;'Portugal';33388
35486;'Verzamelingen';8991
35499;'Kleding en accessoires';8780
35521;'Overige Yu-Gi-Oh!';60241
35522;'Auto\'s';417
35535;'Treinen';417
35544;'Azië';8878
35545;'Afrika';8878
35546;'Amerika';8878
35547;'Australië';8878
35548;'Europa';8878
35692;'Drankmerken overige';34
35762;'GI Joe';900
35860;'Telefoons';137
35862;'Stickers en briefpapier';137
36358;'Anti-rimpelproducten';26528
36432;'Handcrèmes';11838
36524;'Babykleding - unisex';12081
36539;'Forever Friends';386
36589;'Breiwol';3103
36595;'Katoen';127909
36598;'Zijde';127909
36599;'Wol';127909
36623;'Overige boten en vaartuigen';1293
36629;'Bootonderdelen en -accessoires';9800
36635;'Verlichting en elektronica';36629
36637;'Motoren en schroeven';36629
36645;'Radio en communicatie';36629
36646;'Navigatiebenodigdheden';36629
36647;'Kaarten en tabellen';36629
36648;'Kompassen';36629
36653;'Masten, gieken en zeilen';36629
36655;'Lieren';36629
36684;'Sport';4752
36685;'Autosport';36684
36686;'Basketbal';36684
36687;'Boksen';36684
36689;'Voetbal';36684
36693;'Olympische Spelen';36684
36694;'Wielrennen';36684
36699;'Tennis';36684
36701;'Volleybal';36684
36702;'Fauna';4752
36703;'Apen';36702
36707;'Dinosauriërs';36702
36708;'Olifanten';36702
36711;'Vissen';36702
36718;'Honden';36702
36720;'Insecten';36702
36721;'Katten';36702
36725;'Papegaaien';36702
36726;'Paarden';36702
36728;'Reptielen en amfibieën';36702
36732;'Vlinders';36702
36733;'Vogels';36702
36735;'Verkeer en transport';4752
36736;'Auto\'s';36735
36738;'Treinen';36735
36739;'Vliegtuigen';36735
36743;'Ruimtevaart';4752
36744;'Schepen';36735
36858;'Badschuim';47903
36863;'Ogen';13264
36867;'Lippen';13264
36872;'Solarium- en saunaproducten';12155
36886;'Brillen en monturen heren';22490
36935;'Messen';20626
36987;'Shirts';13154
37005;'Overige sportkleding';13154
37008;'Damestassen';11450
37082;'Archeologie';353
37084;'Egypte';37082
37085;'China';37082
37124;'België';7975
37130;'Finland';7975
37137;'Griekenland';7975
37143;'Ierland';7975
37149;'Italië';7975
37155;'Luxemburg';7975
37162;'Portugal';7975
37184;'Progressive';19483
37186;'Oost-Europees';19485
37209;'Nintendo overig';14616
37352;'Treintickets';1305
37355;'Carpooling';160939
37357;'Andorra';33388
37358;'Bosnië-Herzegovina';33388
37359;'Bulgarije';33388
37360;'IJsland';33388
37361;'Kroatië';33388
37362;'Malta';33388
37363;'Macedonië';33388
37364;'Roemenië';33388
37365;'Servië';33388
37366;'Slovenië';33388
37367;'Turkije';33388
37481;'Goud - puur';10975
37503;'Goud - puur';10985
37528;'Kunstenaarsbenodigdheden';353
37530;'Krijt, stiften en pennen';37528
37532;'Aanstormend talent';353
37556;'Verzamelingen en partijen';353
37822;'Acupunctuur';47867
37887;'Episode 1';29495
37888;'Episode 2';29495
37889;'Episode 3';29495
37890;'POTF 2  (1989 - 1999';29495
37958;'Landkaarten';7390
38233;'Spiegels';3192
38323;'Spinners';8710
38329;'Overige PDA\'s en accessoires';38951
38331;'PDA\'s en handhelds';38951
38576;'Game Gear';15110
38577;'Gameboy en Gameboy color';14616
38578;'Accessoires';38577
38580;'Consoles';38577
38615;'Accessoires';27713
38708;'Mini';9801
38726;'Elektronica';63318
38754;'Antennes';14258
38759;'Handsfree kits';14258
38771;'Subwoofers';14258
38774;'Dvd-spelers';14258
38775;'TFT-schermen';14258
38776;'Navigatiesystemen en GPS';14258
38777;'Becker';38776
38778;'Blaupunkt';38776
38779;'Garmin';38776
38780;'VDO';38776
38788;'Trekhaken';82099
38793;'Shirtjes en blouses';127687
38794;'Rompertjes';127687
38795;'Broekjes';127687
38797;'Jasjes';127687
38799;'Pakjes';127687
38801;'Truitjes en vestjes';127687
38846;'Koeling';38851
38851;'PC onderdelen';160
38856;'Voedingskabels';38851
38866;'Overige PC-onderdelen';38851
38918;'Accu\'s en batterijen';38951
38951;'PDA\'s en accessoires';160
39022;'Bestek en keukengerei';20626
39061;'Overige T-shirts';31058
39062;'Paraplu\'s en regenkleding';12109
39189;'Magie en mystiek';1
39226;'Elfenfiguurtjes';1
39235;'Sporters';8605
39246;'Dragonball Z';868
39269;'Verrassingseieren';8605
39271;'Verzamelingen en partijen';1
39317;'Jetski\'s';1293
40100;'Ontspanningsproducten';47867
40181;'Motor- en chiptuning';14761
40189;'Ophanging, vering en remmen';14761
40193;'Interieur en accessoires';14761
40200;'Spoilers en bumpers';14761
40217;'Dakdragers';82099
40223;'Matten';14761
40278;'Sneeuwkettingen';14770
40300;'Handschoenen';14784
40313;'Duitse gebieden';7825
40396;'België';260
40398;'Frankrijk';260
40399;'Klassiek tot 1945';40398
40400;'Frankrijk Overige';40398
40407;'IJsland';4742
40408;'Italië';4742
40411;'Liechtenstein';4742
40413;'Nederland';260
40414;'Nederland-Overzee';260
40416;'Malta';4742
40417;'Polen';4742
40419;'Portugal en kolonies';4742
40422;'Rusland en gebieden';4742
40424;'Sovjet-Unie';40422
40425;'Rusland';40422
40522;'Printerpapier';106261
40574;'Displays';9394
40587;'Handdoeken';3192
40601;'Tuindecoratie en -beelden';2032
40602;'Tuinkabouters';2032
40605;'Zaden en stekken';2032
40636;'Enkellaarzen';127937
40686;'Communiekleding';3051
40688;'Schilderkunst';550
40710;'Andorra';45148
40711;'Azië';7990
40712;'China';40711
40713;'India';40711
40714;'Japan';40711
40717;'Thailand';40711
40718;'Muntaccessoires';11116
40723;'Barok en oude muziek';19481
40837;'Taxi\'s';417
40842;'Peuter- en kleuterspeelgoed';220
40852;'Schaakspellen';233
40860;'Casinospellen';233
40863;'Dobbelstenen';220
40864;'Schoenen';13331
40876;'Squash';888
40878;'Rackets';13340
41069;'Sport';11046
41520;'Actie en avontuur';2288
41522;'Rampen';41520
41523;'Tekenfilms en animatie';2288
41525;'Computer geanimeerd';41523
41526;'Kinder- en familiefilms';2288
41527;'Avontuur';41526
41528;'Komedie';41526
41529;'Educatief';41526
41530;'Fantasie en sprookjes';41526
41534;'Actie';35015
41535;'Romantiek';35015
41537;'Cabaret';35015
41539;'Thriller en misdaad';2288
41540;'Misdaad';41539
41541;'Spionage';41539
41543;'Documentaires & educatie';2288
41544;'Biografie';41543
41546;'Historie';41543
41547;'Natuur';41543
41548;'Wetenschap en techniek';41543
41550;'Speelfilm en drama';2288
41551;'Politiek';41550
41558;'Horror en griezel';2288
41559;'Monsters';41558
41560;'Occult en bovennatuurlijk';41558
41567;'Jazz';23275
41570;'Rap en hiphop';23275
41571;'Sciencefiction en fantasy';2288
41572;'Buitenaardse wezens';41571
41573;'Futuristisch';41571
41574;'Robots';41571
41575;'Ruimteavontuur';41571
41584;'TV series en programma\'s DVD\'s';11232
41587;'Cabaret en komedie';41584
41588;'Drama';41584
41589;'Sciencefiction en fantasy';41584
41590;'Overige series en programma\'s';41584
41594;'Reizen';41543
41853;'Office en zakelijk';18793
41859;'Grafisch en multimedia';18793
41870;'Kinderen';18793
42381;'Overige militaria';15502
42416;'BenQ';15073
42428;'Overige GSM en telecom';14675
42429;'Nokia';111202
42516;'Muziekdoosjes en -mobielen';18637
42525;'Binnenhuisarchitectuur';267
42526;'Overige tassen';37008
42660;'Aerobics- en fitnessmode';13154
42680;'Aziatische kunst';353
42723;'USA';7990
42724;'Bullion-Munten';42723
42725;'Herdenkingsmunten';42723
42726;'Goud en platina';42723
42727;'Munten per stuk';42723
42728;'Muntsets';42723
42737;'Kleding';10525
42806;'Toebehoren';1492
42807;'Clubs';13334
42810;'Dameskleding';10514
42843;'Oorlog en militair';41543
42845;'Oorlog en militair';41550
43048;'Bedels';281
43049;'Dieren';43048
43050;'Steentjes en parels';43048
43051;'Figuurtjes';43048
43052;'Hartjes, liefde';43048
43053;'Seizoensgebonden';43048
43054;'Letters';43048
43055;'Muziek';43048
43056;'Vlaggen';43048
43057;'Hobby\'s';43048
43058;'Religieus';43048
43059;'Sport';43048
43453;'Digitale spiegelreflexcamera\'s';625
43585;'Orkesten';19481
43619;'Jazz, Big Band en Blues';104612
43639;'R&B en soul';104612
43642;'Motown';43639
43645;'Freestyle';62835
43646;'Gangsta';62835
43647;'Hip Hop';62835
43648;'Old School';62835
43652;'Overige rock';19483
43657;'Grunge';19483
43663;'TV';26718
43668;'Indisch';19485
43670;'Klassiek en opera';20800
43688;'Trance';20800
43689;'Jazz';20800
43695;'Pop';20800
43700;'R&B en Soul';20800
43704;'Soul';20800
43707;'Rock';20800
43708;'Vinyl beperkte oplagen';1071
43839;'Animatie';41523
44109;'Dungeons & Dragons';2543
44111;'Fantasy';2543
44166;'Folie en stickers';14761
44176;'Spiegels';14761
44204;'Sportuitlaten en luchtfilters';14761
44333;'Laarzen en schoenen';14784
44441;'Overige bad- en strandmode';15770
44450;'Badjassen';9816
44539;'Zonnebrillen';12109
44556;'Catalogi';7390
44610;'Kleding';56801
44613;'Schoenen';56801
44626;'Skates';10511
44629;'Broeken';22171
44646;'Shirts';22171
44652;'Ademapparatuur';10518
44671;'Duikcomputers';10518
44676;'Duiklampen';10518
44688;'Duiken';105967
44695;'Overige duiksport';10518
44730;'Film en circus';1305
44793;'Vouwwagens';44794
44794;'Caravans en vouwwagens';9800
44795;'Campers en motorhomes';46159
45137;'Hong Kong';40711
45139;'Filipijnen';40711
45145;'Latijns Amerika';7990
45148;'Europese niet-euromunten';11116
45153;'Hongarije';45148
45172;'Huidverzorging';26528
45338;'Noord- en Zuid-Amerika';12822
45515;'Gordijnen';3192
45540;'Rock';20801
45551;'Grunge en garage';20801
45618;'Pioneer';38776
45642;'Bussen';46159
45644;'Vrachtwagens en opleggers';46159
45739;'Afzuigkappen';30329
45747;'Magnetrons';30329
45805;'Deuren';11700
45838;'Sokken';9816
45990;'Malta';7975
45991;'Australië en Oceanië';7990
45997;'Canada';7990
46004;'Overige munten en biljetten';11116
46010;'Folk';104612
46032;'Timesharing';160939
46159;'Transportvoertuigen';9800
46329;'Auto\'s';64802
46339;'Gezondheid en medisch';267
46515;'Overige bruidskleding';15720
46638;'Akoestische gitaren';21762
46645;'Elektrische gitaren';21762
46652;'Versterkers';21762
46666;'Effecten';21762
46675;'Gitaaraccessoires';21762
46957;'Studio- en opnameapparatuur';21770
47160;'Gebruikt';25791
47164;'Groenland';4742
47166;'1920 - 1929';128283
47170;'Åland';128312
47171;'Zweden';4742
47173;'Aruba';40414
47499;'Speldjes en buttons';1
47500;'Speldjes';47499
47526;'Kano\'s en kajaks';1293
47606;'USB-sticks';3676
47627;'Transportvoertuigaccessoires';9800
47628;'Maat 18';18634
47632;'Maat 19';18634
47636;'Maat 20';18634
47640;'Maat 21';18634
47641;'Maat 22';18634
47645;'Maat 23';18634
47649;'Maat 24';18634
47653;'Maat 25';18634
47657;'Maat 26 en groter';18634
47681;'Brieven en postwaardestukken';7825
47799;'Geluidskaarten';38851
47861;'Reinigingsproducten';26528
47867;'Gezondheidsartikelen';12155
47868;'Allergieproducten';47867
47873;'Voedingssupplementen';47867
47879;'Haarverzorging';12155
47880;'Haarverf';47879
47884;'Haarversiering';47879
47898;'Spoelingen';47879
47903;'Bad- en doucheproducten';11838
47904;'Badzout';47903
47905;'Badolie';47903
47907;'Overige badproducten';47903
47908;'Deodorants';11838
47914;'Lotions';11838
47917;'Zeep';11838
47921;'Scheerapparaten';107035
47924;'Ontharing voor dames';11838
47930;'Scheerschuim';107035
47931;'Scheermesjes';107035
47939;'Nagellak';47945
47943;'Teint';13264
47945;'Manicure en nagels';12155
47949;'Pedicure';12155
47954;'Dames';12157
47955;'Heren';12157
47975;'Unisexparfums';12157
48070;'Zonnecrème en aftersun';12155
48079;'Mond- en gebitsverzorging';12155
48082;'Mondreiniging';48079
48084;'Tandpasta';48079
48085;'Overige mondverzorging';48079
48163;'Onderdelen';9394
48169;'NEC';15073
48171;'Sharp';15073
48182;'NEC';115680
48183;'Sharp';115680
48329;'Motorboten en jachten';1293
48334;'Overige maat 110/116';98378
48348;'Blouses';98380
48350;'Overige maat 122/128';98380
48369;'Blouses';98382
48371;'Overige maat 134/140';98382
48382;'Nero';63
48411;'Michel Vaillant';63
48453;'Accessoires';105151
48455;'Consoles';105151
48756;'Sets';111848
49046;'Blouses';98384
49048;'Overige maat 146';98384
49051;'Overige maat 152/158';98386
49065;'Broeken';98388
49066;'Jassen en jasjes';98388
49067;'Rokken en jurken';98388
49068;'Truien';98388
49071;'Blouses';98388
49073;'Overige maat 164';98388
49078;'Overige maat 170/176';98390
49091;'Overige maat 110/116';98325
49104;'Overige maat 122/128';98327
49122;'Overige maat 134/140';98329
49135;'Overige maat 146';98331
49137;'Overige maat 152/158';98333
49149;'Broeken';98372
49150;'Jassen en jasjes';98372
49151;'Truien';98372
49153;'Blouses en overhemden';98372
49155;'Overige maat 164';98372
49159;'Overige maat 170/176';98374
49170;'Hongarije';33388
49174;'Buttons';47499
49196;'Decks - type I';218
49759;'Caravan-accessoires';9800
49769;'Uitlaatsystemen';14780
49790;'Remmen';14780
49810;'Voetsteunen';14780
49824;'Instrumenten en assen';14780
49831;'Kettingen en koppelingen';14780
49845;'Sturen, schakel- en handgrepen';14780
49866;'Verlichting en lampen';14780
49879;'Motor en versnelling';14780
49892;'Zittingen';14780
49899;'Spiegels';14780
49912;'Tanks';14780
49925;'Stickers en bekleding';14780
50239;'Tuingereedschap';2032
50288;'Booster Packs';60225
50289;'Foil cards';60225
50290;'Losse kaarten';60225
50291;'Promokaarten';60225
50292;'Starter decks';60225
50293;'Verzamelingen';60225
50541;'Kia';9801
50637;'Gewone armbanden';10975
51556;'Pumps';12104
51567;'Zwemkleding';3051
51569;'Broeken';98378
51571;'Broeken';98380
51573;'Broeken';98382
51575;'Broeken';98384
51584;'Sportkleding';3051
51596;'Jassen en jasjes';98378
51598;'Jassen en jasjes';98380
51600;'Jassen en jasjes';98382
51602;'Jassen en jasjes';98384
51603;'Rokken en jurken';98378
51605;'Rokken en jurken';98380
51607;'Rokken en jurken';98382
51609;'Rokken en jurken';98384
51610;'Truien';98384
51618;'Truien';98378
51620;'Truien';98380
51622;'Truien';98382
51702;'Shirts';98378
51706;'Shirts';98380
51710;'Shirts';98382
51714;'Shirts';98384
51919;'Zwemkleding';3038
51921;'Broeken';98325
51923;'Broeken';98327
51925;'Broeken';98329
51927;'Broeken';98331
51934;'Jassen en jasjes';98325
51936;'Jassen en jasjes';98327
51938;'Jassen en jasjes';98329
51940;'Jassen en jasjes';98331
51949;'Truien';98327
51951;'Truien';98329
51959;'Sportkleding';3038
51961;'Shirts';98325
51968;'Shirts';98331
51970;'Shirts';98329
51972;'Shirts';98327
51993;'Truien';98325
52002;'Blouses en overhemden';98325
52006;'Blouses en overhemden';98327
52008;'Blouses en overhemden';98329
52010;'Blouses en overhemden';98331
52043;'Special interest';104612
52044;'Verzamelingen';104612
52046;'Verzamelingen en groothandel';11233
52058;'Posters';157499
52064;'Gesigneerde artikelen';157499
52065;'Bands en groepen';157499
52145;'Overige speldjes en buttons';47499
52176;'Verzamelingen';60241
52178;'Starter decks';60241
52473;'Accessoires en opslag';11233
52552;'Film';35064
53159;'Shirts lange mouw';9816
53590;'Actrices';33416
53591;'Ansichtkaarten';57
53870;'Drempels en lijsten';14761
53934;'Stuur en bediening';63318
53938;'Autostoelen en bekleding';82099
54013;'Kinderkleding';14784
54120;'Barbenodigdheden';20626
54123;'Dienbladen';20626
54201;'Matrassen';3192
54225;'Banken en sofa\'s';3192
54235;'Stoelen en fauteuils';3192
54250;'Tafels en bureaus';3192
54268;'Kachels en haarden';3192
54274;'Maat 32-34 (XXS/XS';12989
54280;'Maat 36 (S';12989
54286;'Maat 44-46 (XL';12989
54295;'Maat 40-42 (L';12989
54314;'Maat 32-34 (XXS/XS';13021
54322;'Maat 36 (S';13021
54330;'Maat 44-46 (XL';13021
54342;'Maat 40-42 (L';13021
54346;'Maat 32-34 (XXS/XS';13045
54349;'Maat 36 (S';13045
54352;'Maat 40-42 (L';13045
54355;'Maat 44-46 (XL';13045
54364;'W27 en kleiner';13016
54365;'W28';13016
54366;'W29';13016
54367;'W30';13016
54368;'W31';13016
54369;'W32';13016
54370;'W33-W35';13016
54371;'W36-W38';13016
54492;'Maat 32-34 (XXS/XS';24046
54495;'Maat 36 (S';24046
54498;'Maat 40-42 (L';24046
54501;'Maat 44-46 (XL';24046
54510;'Maat 32-34 (XXS/XS';13029
54515;'Maat 36 (S';13029
54520;'Maat 40-42 (L';13029
54521;'Maat 44-46 (XL';13029
54535;'Maat 32-34 (XXS/XS';13493
54536;'Maat 36 (S';13493
54537;'Maat 40-42 (L';13493
54538;'Maat 44-46 (XL';13493
54559;'Maat 32-34 (XXS/XS';19736
54560;'Maat 36 (S';19736
54561;'Maat 40-42 (L';19736
54562;'Maat 44-46 (XL';19736
54593;'Maat 44-45';32309
54596;'Maat 48-49';32309
54599;'Maat 56-57';32309
54611;'Maat 52-53';32309
54823;'Houtbewerking';37528
54824;'Verf';37528
54846;'Doeken';37528
54864;'Papier';37528
54882;'Penselen';37528
54907;'Steenbewerking';37528
54951;'Kerstmis en Sinterklaas';104612
55007;'Knuffels';386
55216;'Chronografen';91064
55378;'Overige piercings';26109
56353;'Tekno';222
56358;'Cararama';222
56528;'Chroom en emblemen';14761
56599;'Telefoonsieraden';9394
56700;'Vakantietegoedbonnen';160939
56766;'Schoenen';13340
56801;'Hardlopen en jogging';888
56802;'Toebehoren';56801
57146;'1990 - 1999';128283
57147;'1960 - 1969';128283
57296;'Cd\'s en software';38776
57349;'Stickers en logo\'s';14761
57354;'Skiboxen';82099
57356;'Fietsdragers';82099
57756;'Setjes';127683
57814;'Setjes';127648
57825;'Setjes';127653
58532;'Midden-Oosten';40711
58533;'Reproducties';4733
58535;'Europenningen';18492
58600;'Northern Soul';43639
58601;'East Coast';62835
58602;'West Coast';62835
58609;'Garage';19483
58614;'Verzamelalbums';20800
58616;'Volksmuziek';20800
58620;'Indie en Britpop';20800
58627;'Reggae en ska';20800
58635;'Breakz en crossover';20800
58640;'Garage';20800
58641;'Hardcore';20800
58642;'House';20800
58648;'Pop jaren ‘80';64869
58670;'Pop';20801
58677;'Overige muziek en instrumenten';11233
58812;'Tijdschriften';7390
58859;'Aquarel';40688
58937;'Kunstnagels';47945
58965;'Kook- en klusprogramma\'s';41584
58966;'Dance';23275
58974;'Partijen en groothandel';11232
58997;'VHS-boxen en verzamelvideo’s';1508
59045;'Tupperware en voorraadpotten';20626
59177;'Kleding en sieraden';157499
59222;'TV en video';7474
59251;'Trekking en survival';8503
59411;'Vitaminen en energie';13361
59423;'Schoenen';13361
59901;'Oorkondes, bekers en medailles';113754
60212;'Spongebob';8605
60225;'Lord of the Rings';868
60238;'Pokémon';868
60241;'Yu-Gi-Oh!';868
60440;'Gouache';40688
60662;'Voor 1914';8998
60663;'Eerste Wereldoorlog';8998
60664;'Na 1945';8998
60805;'Star Wars';868
60807;'Star Trek';868
60821;'Grote flessen';84885
60868;'Actie';41520
60870;'Romantiek';41520
60880;'Overige comedy en humor';35015
60882;'Historisch';41550
60892;'Misdaad, gangster en maffia';41584
60893;'Cult';41558
60896;'R&B en soul';23275
60902;'Kinderen en familie';41584
60903;'Soaps';41584
60913;'Keramiek';353
60914;'Historisch';16663
60915;'Romantiek';16663
60919;'Avontuur';35076
60920;'Komedie';35076
60921;'Educatief';35076
60922;'Fantasie en sprookjes';35076
60991;'Markt- en verkoopkramen';46159
60999;'Houders';14258
61009;'Kenwood';38776
61011;'Philips';38776
61013;'Aandrijving';63318
61107;'1901 - 1950';18828
61108;'1951 - 1980';18828
61154;'Transmissie';63318
61409;'Uitlaatsystemen';63318
61920;'Vering en demping';63318
61939;'Ruitenwissers en antennes';63318
61959;'Alarm en veiligheid';82099
62287;'Modelbouw';607
62441;'Verpakkingen en verzending';9815
62458;'Visitekaartjes';12576
62464;'Kantoormeubilair';9815
62531;'Koffertjes en aktetassen';9815
62534;'Technisch tekenen';9815
62795;'LG';15073
62796;'Mitsubishi';15073
62801;'Sony Ericsson';15073
62805;'Sony Ericsson';23979
62810;'LG';115680
62811;'Mitsubishi';115680
62835;'Rap en hiphop';104612
62841;'Plunjezakken';8503
62848;'Coca-Cola';34
62852;'Flesjes';62848
62856;'Blikjes';62848
62857;'Glazen';62848
62862;'Reclameborden';62848
62896;'Nummerborden';417
62904;'Trainingspakken';68752
62992;'Herenkleding';10514
62997;'Kinderkleding';10514
63318;'Onderdelen';9884
63705;'Motors en motoronderdelen';63318
63830;'Sport en fitness';2288
63831;'Overige thrillers en midaad';41539
63842;'Videoclips';154051
64140;'Klokken en uurwerken';353
64192;'Politiek';267
64193;'Dieren en natuur';267
64319;'Porselein';353
64727;'Wetenschap';267
64755;'Amerikaanse stripboeken';900
64790;'Muziek';607
64802;'Transport en verkeer';607
64803;'Vliegtuigen';64802
64804;'Treinen';64802
64862;'Amerikaanse merken';18369
64863;'Rap en hiphop';20800
64869;'Pop';21733
64870;'Pop jaren ’60 en ‘70';64869
64871;'Pop jaren ‘90';64869
64872;'Pop 2000 - heden';64869
64879;'Plaatwerk';14768
64880;'Spiegels';63318
64909;'Grilles';14768
65056;'Sloten';63318
65072;'Bumpers';14768
65101;'Deuren';14768
65174;'Britse Gemenebest';4742
65272;'Wieldoppen';14770
65662;'Koelkasten en diepvriezers';30329
65741;'Broeken';9817
65766;'Rode Ridder';63
65767;'Urbanus';63
65806;'Soul';43639
65809;'R&B';43639
65973;'Kleding';1492
66048;'Toebehoren en onderdelen';10511
66051;'Overige skating';10511
66112;'Bergbeklimmen';888
66201;'TV\'s';3287
66227;'Kinderhorloges';26088
66229;'Kindersieraden';281
66854;'Blikken';353
67036;'Acryl op doek';40688
67679;'Interbellum';8998
67725;'Ringen';281
67839;'Apple iPod MP3-spelers';73839
68037;'Samsung';111202
68038;'Siemens';111202
68053;'Koormuziek';19481
68057;'Progressive house';19479
68062;'Overige Metal';34317
68065;'Metal';20800
68259;'Accessoires';27717
68399;'IXO';222
68484;'Relatiegeschenken en reclame';9815
68568;'Stoffen';3116
68583;'IJsland';45148
68584;'Kroatië';45148
68585;'Servië';45148
68586;'Slowakije';45148
68587;'Slovenië';7975
68588;'Tsjechië';45148
68589;'Cyprus';7975
68593;'Kindermuziek';104612
68752;'Kleding';13331
68787;'Handbal';888
68837;'Pretparken en themaparken';1305
68883;'Edelstenen';281
69197;'Ventilatoren en airco\'s';20710
69733;'Overig Azië';9033
69789;'Duel Masters';868
70089;'Nieuw-Zeeland';128385
70098;'Koningshuizen';4752
70184;'Rompertjes';127683
70185;'Broekjes';127683
70186;'Jurkjes en rokjes';127648
70187;'Jasjes';127683
70190;'Sokjes';127683
70191;'Pakjes';127683
70195;'Shirtjes en blouses';127686
70196;'Rompertjes';127686
70197;'Broekjes';127686
70199;'Jasjes';127686
70202;'Sokjes';127686
70203;'Pakjes';127686
70205;'Truitjes en vestjes';127686
70209;'Sokjes';127687
70212;'Sokjes';127688
70215;'Sokjes';127689
70218;'Sokjes';127690
70221;'Sokjes';127691
70222;'Maat 92';3038
70224;'Blouses en overhemden';70222
70226;'Broeken';70222
70227;'Rokken en jurken';74069
70228;'Jassen en jasjes';70222
70230;'Jeans';70222
70232;'Overige maat 92';70222
70234;'Truien';70222
70238;'Shirts';98323
70244;'Jeans';98323
70264;'Massageproducten';47867
70806;'Teddyberen';386
70848;'Ballen';13331
70855;'Broeken';68752
70898;'Kleding';13340
70918;'Nordic walking';888
72344;'Dieren';607
72345;'Religie';607
72407;'Actie';41526
72408;'Klassiekers';41526
72409;'Actie en avontuur';41584
72410;'Actie';35076
72411;'Klassiekers';35076
72493;'Arcade';15122
72494;'Kinderen en familie';15122
72495;'Simulatie';15122
72500;'MSX';8086
72616;'Voor 1899';22421
73001;'Sturen, poken en pedalen';14761
73466;'Japan';37082
73570;'Harry Potter';868
73738;'Babykleding - meisjes';12081
73741;'Shirtjes en blouses';127648
73742;'Rompertjes';127648
73743;'Broekjes';127648
73744;'Jasjes';127648
73747;'Sokjes';127648
73748;'Pakjes';127648
73750;'Overige maat 50';127648
73753;'Shirtjes en blouses';127652
73754;'Rompertjes';127652
73755;'Broekjes';127652
73756;'Jasjes';127652
73759;'Sokjes';127652
73760;'Pakjes';127652
73762;'Truitjes en vestjes';127652
73764;'Overige maat 56';127652
73839;'MP3-spelers en portables';14969
73870;'Shirtjes en blouses';127653
73871;'Rompertjes';127653
73872;'Broekjes';127653
73873;'Jasjes';127653
73876;'Sokjes';127653
73877;'Pakjes';127653
73879;'Truitjes en vestjes';127653
73881;'Overige maat 62';127653
73919;'Shirtjes en blouses';127654
73920;'Rompertjes';127654
73921;'Broekjes';127654
73922;'Jasjes';127654
73925;'Sokjes';127654
73926;'Pakjes';127654
73928;'Truitjes en vestjes';127654
73930;'Overige maat 68';127654
74009;'Shirtjes en blouses';127667
74010;'Rompertjes';127667
74011;'Broekjes';127667
74012;'Jasjes';127667
74015;'Sokjes';127667
74016;'Pakjes';127667
74018;'Truitjes en vestjes';127667
74020;'Overige maat 74';127667
74036;'Shirtjes en blouses';127668
74037;'Rompertjes';127668
74038;'Broekjes';127668
74039;'Jasjes';127668
74042;'Sokjes';127668
74043;'Pakjes';127668
74045;'Truitjes en vestjes';127668
74047;'Overige maat 80';127668
74057;'Shirtjes en blouses';127680
74058;'Rompertjes';127680
74059;'Broekjes';127680
74060;'Jasjes';127680
74063;'Sokjes';127680
74064;'Pakjes';127680
74066;'Truitjes en vestjes';127680
74068;'Overige maat 86';127680
74069;'Maat 92';3051
74071;'Blouses';74069
74073;'Broeken';74069
74074;'Jassen en jasjes';74069
74076;'Jeans';74069
74078;'Overige maat 92';74069
74080;'Truien';74069
74085;'Shirt';98376
74090;'Jeans';98376
74096;'Overige maat 98/104';98376
74287;'Nachtkleding';98327
74288;'Nachtkleding';98378
74294;'Conrad';222
74427;'Beperkte oplagen';104612
74462;'Stekkers en stroomadapters';8503
74463;'Strandaccessoires';8503
74470;'Vouwfietsen';9192
74474;'Beurzen en evenementen';1305
75534;'Familie';41550
75542;'Sony Ericsson';111202
75549;'Lounge en downtempo';104612
75550;'Mainstream';43639
75552;'Club en Lounge';20800
75555;'Consoles';100800
75556;'Consoles';100812
75571;'Mallen en sjablonen';111848
75656;'Bloembollen';2032
75718;'Fanartikelen';1
76013;'Interieur en accessoires';18323
76022;'Carrosserie';18323
76045;'Velgen en banden';18323
76052;'Onderdelen en onderhoud';18323
76119;'Elektronica en ontstekingen';14780
76127;'Motorsport, enduro en cross';9800
76190;'Truitjes en vestjes';127683
76597;'Truitjes en vestjes';127648
76626;'Jurkjes en rokjes';127652
76716;'Jurkjes en rokjes';127653
76743;'Jurkjes en rokjes';127654
76788;'Jurkjes en rokjes';127667
76869;'Jurkjes en rokjes';127668
76914;'Jurkjes en rokjes';127680
77049;'Maat 16 en kleiner';18634
77058;'Maat 17';18634
77098;'Overige babyschoenen';18634
77109;'Babyfoons';2984
77113;'Luiers';15456
77234;'Strijkijzers en -planken';20710
77277;'Broodroosters en tostimakers';30329
77288;'Waterkokers';30329
77305;'Personenweegschalen';20710
77355;'Software';14675
77361;'Software';38951
77379;'Broeken';98376
77387;'Jassen en jasjes';98376
77412;'Jeans';98378
77414;'Jeans';98380
77416;'Jeans';98382
77418;'Jeans';98384
77419;'Jeans';98386
77421;'Jeans';98388
77422;'Jeans';98390
77424;'Rokken en jurken';98376
77432;'Truien';98376
77449;'Broeken';98323
77458;'Blouses';98376
77462;'Jassen en jasjes';98323
77466;'Truien';98323
77473;'Blouses en overhemden';98323
77476;'Jeans';98325
77478;'Jeans';98327
77480;'Jeans';98329
77482;'Jeans';98331
77483;'Jeans';98333
77485;'Jeans';98372
77486;'Jeans';98374
77526;'Bosnië-Herzegovina';45148
77527;'Macedonië';45148
77528;'Oekraïne';45148
77533;'Masters of the Universe';9820
77544;'Losse kaarten';60241
77583;'Banden, spaken en wielen';27922
77591;'Fietsverlichting';27922
77595;'Bescherming';10511
77606;'Zadels';27922
77694;'Benodigdheden paarden';8440
77745;'Accessoires';12941
77746;'LNB\'s';12941
77756;'Schotels';12941
77836;'Blueberry';63
77837;'Bollie en Billie';63
77845;'Smurfen';63
77850;'Zeldzame stripboeken';63
78356;'Litho\'s en steendrukken';7463
78570;'Design';267
78600;'Motorsport';105967
78604;'Kamperen';64802
78618;'Filatelie';607
78628;'Fitness';105967
78633;'Financiën';607
78769;'Processoren';38851
78921;'Gamepads';3676
78932;'Joysticks';3676
79439;'Headsets';3676
79444;'Speakers';3676
79455;'Webcams';3676
79463;'Bluetooth';32202
80024;'Reality TV';41584
80025;'Cult';2288
80026;'Cult';1508
80565;'Portemonees en beurzen';12109
80578;'Riemen en bretels';12109
80587;'Hoeden en mutsen';12109
80596;'Aktetassen';37008
80597;'Handtassen';37008
80599;'Rugtassen';37008
80701;'Maat 46-47';32309
80706;'Maat 50-51';32309
80711;'Maat 58-59';32309
80716;'Maat 54-55';32309
80807;'Stropdassen';12109
80891;'Kinderkleding- accessoires';11450
80922;'Meisjesschoenen';128240
80924;'Maat 18-27';80922
80928;'Maat 28-31';80922
80931;'Maat 32-41';80922
80947;'Jongensschoenen';128240
80948;'Maat 18-27';80947
80952;'Maat 28-31';80947
81111;'Corgi';222
81118;'Maisto';222
81157;'Overige modelbouw';1188
81338;'Kamermuziek en ensembles';19481
81341;'Opera en vocaal';19481
81354;'Musicals';26718
81377;'Opbergsystemen cd\'s';27577
81415;'Slowakije';33388
81416;'Tsjechië';33388
81424;'Looney Tunes';8605
81443;'Hengels';1492
81478;'Sokken en scheenbeschermers';68752
81494;'Overige kleding';68752
81587;'Tees';13334
81590;'Golftassen';13334
81595;'Vervoer';13334
81616;'Honkbal';888
81623;'Toebehoren';13340
81625;'Polsbandjes';888
81627;'Volleybal';888
81634;'Sloepen en reddingsboten';1293
81636;'Rubberboten';1293
81645;'Ankers en kettingen';36629
81646;'Touwen';36629
81647;'Reddingsvesten';36629
81660;'Fietsenrekken en -dragers';27922
81663;'Kinderfietsen';9192
81674;'Pedalen en cranks';27922
81741;'Overig geluid';14969
81848;'Nederlandse Antillen';28683
81849;'Aruba';28683
82099;'Accessoires en toebehoren';9884
82280;'Vrachtwagens';9013
82283;'Tiener';41550
82286;'Postcards';1424
82446;'Quadonderdelen';9800
82458;'Beschermers';14784
82861;'Shampoo';47879
82883;'Pruiken en haarstukjes';47879
82897;'Kindercosmetica';12155
82970;'Albums';35322
82983;'Catalogi';35322
82988;'Filatelistische literatuur';35322
83737;'Oorlog en militair';41584
83761;'Country';23275
83894;'Kettingen';111837
83986;'Scharen, mesjes en pincetten';111848
84064;'Tuinverlichting';2032
84091;'Tuinbanken';25863
84095;'Tuintafels';25863
84103;'Tuinstoelen';25863
84136;'Tuinhuisjes, serres en kassen';2032
84263;'Bikini\'s';15770
84269;'Badpakken';15770
84368;'Maat 38 (M';19736
84396;'Maat 32-34 (XXS/XS';31058
84399;'Maat 32-34 (XXS/XS';53159
84402;'Maat 36 (S';31058
84405;'Maat 36-38 (S/M';53159
84408;'Maat 40-42 (L';31058
84411;'Maat 40-42 (L';53159
84414;'Maat 44-46 (XL';31058
84417;'Maat 44-46 (XL';53159
84539;'Ondergoed';9817
84541;'Boxershorts';84539
84543;'Hemden';84539
84545;'Nachtkleding';98323
84546;'Nachtkleding';98325
84547;'Nachtkleding';98329
84548;'Nachtkleding';98333
84549;'Nachtkleding';98372
84550;'Nachtkleding';98374
84559;'Sokken';9817
84883;'Miniaturen';84885
84885;'Parfum';1
84912;'Radiografisch bestuurd';19071
84918;'Racebanen';19071
84935;'Skelters';22138
84939;'Duplo, primo, baby';13315
84977;'Trein';19854
84987;'Tenten, kastelen en hutten';25960
85045;'Arm- en beenkleding';22171
85046;'Handschoenen';22171
85059;'Brillen';22171
85068;'Sokken';22171
85076;'Schoenen';22171
85078;'Windjacks';22171
85126;'Fietscomputers';27922
85131;'Fietssloten';27922
85275;'Dekens en bekleding';10514
85346;'Turnen en gymnastiek';888
85365;'Surfplanken';1293
85417;'Kaarten';12941
85525;'Zakhorloges';26088
85553;'Onderdelen en accessoires';26088
85583;'Armbanden';9319
85590;'Colliers';9319
85593;'Oorsieraden';9319
85627;'Navelpiercings';26109
85652;'Tepelpiercings';26109
85672;'Wenkbrauwpiercings';26109
85691;'Neuspiercings';26109
85702;'Tongpiercings';26109
85732;'Metaal';25850
85811;'Overige brochures';14233
86043;'Overige oorsieraden';10985
86380;'Kaders en veringen';14780
86529;'Apple iPod accessoires';73839
86695;'Midden-Oosten';9033
86804;'Hifi- en stereosets';14969
87044;'Duitse Rijk';7825
87074;'Bekende tv-figuren';41523
87316;'Britains';222
87346;'Disco';19479
87443;'Petten, hoeden en helmen';10514
87485;'Basgitaren';21762
87604;'Oorlog';267
87645;'Kabels en verbindingen';32202
88579;'Extensies';47879
88766;'DDR';7825
88839;'Bustickets';1305
88844;'Voor 1960';1374
88845;'1960 - 1969';1374
88846;'1970 - 1979';1374
88847;'1980 - 1989';1374
88937;'Jeu de boules en petanque';888
89343;'Auto\'s';267
90724;'Klassiek';41558
90726;'Tiener';35015
91057;'Zwitserland';45148
91060;'Dameshorloges';26088
91061;'Quartz';91060
91062;'Mechanisch';91060
91064;'Herenhorloges';26088
91065;'Quartz';91064
91066;'Mechanisch';91064
91068;'Sporthorloges';26088
91069;'Quartz';91068
91070;'Mechanisch';91068
91071;'Chronografen';91068
91177;'Literair';607
91178;'Gezondheid en medisch';607
91395;'Misdaad';41543
91396;'Blues';23275
91397;'Reggae en ska';23275
91474;'Avant-garde en experimenteel';104612
91475;'Ballet en dans';19481
91486;'Avant-garde en experimenteel';20800
91509;'Accessoires';100800
91510;'Games';100800
91511;'Educatief';11046
91577;'Nepal';32136
91578;'Filipijnen';32136
91579;'Taiwan';32136
91591;'Spark';222
91596;'Star Wars';16486
92699;'Overige armbanden';10975
92758;'Overige hangers';10994
92771;'Colliers';281
92791;'Overige colliers';92771
92920;'Overige ringen';67725
92956;'Kranten';7390
93053;'Avondtasjes';37008
93055;'Schoudertassen';37008
93056;'Weekendtassen';37008
93130;'Bierpullen';8733
93599;'Familie';35015
96392;'Kuren en maskers';26528
96408;'Nachtverzorging';26528
96424;'Dagverzorging';26528
96443;'WNF';36702
96573;'Hardcore, gabber en rave';19479
96635;'Zang- en studiomicrofoons';21770
96812;'Kuifje';8605
96972;'Zwarte humor';35015
97100;'Kiekeboe';63
97120;'Partijen en groothandel';11450
98304;'Merkkleding';9816
98305;'Maat 32-34 (XXS/XS';98304
98306;'Maat 36 (S';98304
98307;'Maat 40-42 (L';98304
98308;'Maat 44-46 (XL';98304
98309;'Overige merkkleding';98304
98323;'Maat 98/104';3038
98325;'Maat 110/116';3038
98327;'Maat 122/128';3038
98329;'Maat 134/140';3038
98331;'Maat 146';3038
98332;'Setjes';98331
98333;'Maat 152/158';3038
98372;'Maat 164';3038
98374;'Maat 170/176';3038
98376;'Maat 98/104';3051
98378;'Maat 110/116';3051
98380;'Maat 122/128';3051
98382;'Maat 134/140';3051
98384;'Maat 146';3051
98385;'Setjes';98384
98386;'Maat 152/158';3051
98388;'Maat 164';3051
98390;'Maat 170/176';3051
98642;'Nylon';127909
98796;'India';9033
98819;'Kleuter- en peuterfilms';41526
98823;'Metal';23275
98886;'Old skool';19479
98890;'Folk Rock';19483
98891;'Rockabilly';19483
98977;'Appartementen';160939
98991;'Verzamelingen en partijen';267
99490;'Verzorgingstassen';15456
99614;'Broodmachines';30329
99640;'Fondue- en gourmetsets';30329
99736;'Nachtkleding';98382
99737;'Nachtkleding';98384
99738;'Nachtkleding';98386
99739;'Nachtkleding';98388
99740;'Nachtkleding';98390
99748;'Communiekleding';3038
99897;'Revell';222
100017;'Boten';1188
100079;'Fischertechnik';18993
100083;'Magnetisch speelgoed';18993
100123;'Fisher Price';220
100134;'Technic';13315
100147;'Jacks';68752
100187;'Ballen';13334
100287;'Bowling';888
100495;'Vampiers';41558
100496;'Weerwolf';41558
100497;'Advocatuur';41539
100498;'Gangster en maffia';41539
100506;'Noord-Holland';34628
100507;'Zuid-Holland';34628
100509;'Utrecht';34628
100511;'Blokbladen';8780
100517;'Decks - type II';218
100536;'Stickers';8780
100538;'Suske en Wiske';8605
100539;'Volk van Laaf';8605
100540;'Reclameborden';35692
100552;'Overige fanartikelen';75718
100800;'Nintendo DS';14616
100812;'Sony PSP';14616
101026;'Foto en kunst';267
101030;'Religie';267
101065;'Boten';64802
101066;'Fotografie';607
101067;'Games';607
101071;'Vrouwentijdschriften';607
101382;'Easy Listening';23275
101392;'Amusement en spelshows';41584
101533;'Orgelmuziek';19481
101875;'Creative MP3-spelers';73839
101876;'iRiver MP3-spelers';73839
101877;'Philips MP3-spelers';73839
101879;'Sony MP3-spelers';73839
101987;'Shirtjes en blouses';127717
101989;'Rompertjes';127717
102009;'Broekjes';127717
102043;'Jasjes';127717
102069;'Sokjes';127717
102071;'Pakjes';127717
102093;'Truitjes en vestjes';127717
102116;'Overige maat 50';127717
102119;'Shirtjes en blouses';127713
102121;'Rompertjes';127713
102141;'Broekjes';127713
102162;'Jasjes';127713
102206;'Truitjes en vestjes';127713
102208;'Sokjes';127713
102210;'Pakjes';127713
102273;'Shirtjes en blouses';127718
102275;'Rompertjes';127718
102295;'Broekjes';127718
102601;'Jasjes';127718
102627;'Pakjes';127718
102631;'Sokjes';127718
102651;'Truitjes en vestjes';127718
102848;'Shirtjes en blouses';127714
102850;'Rompertjes';127714
102870;'Broekjes';127714
102890;'Jasjes';127714
102916;'Sokjes';127714
102919;'Pakjes';127714
102941;'Truitjes en vestjes';127714
102964;'Overige maat 68';127714
102987;'Shirtjes en blouses';127719
102989;'Rompertjes';127719
103009;'Broekjes';127719
103031;'Jasjes';127719
103150;'Pakjes';127719
103154;'Sokjes';127719
103174;'Truitjes en vestjes';127719
103188;'Overige maat 74';127719
103230;'Shirtjes en blouses';127715
103232;'Rompertjes';127715
103252;'Broekjes';127715
103272;'Jasjes';127715
103361;'Overige maat 62';127718
103398;'Romantiek';41550
103486;'Pakjes';127715
103490;'Sokjes';127715
103492;'Overige maat 80';127715
103512;'Truitjes en vestjes';127715
103534;'Shirtjes en blouses';127716
103536;'Rompertjes';127716
103556;'Broekjes';127716
103576;'Jasjes';127716
103600;'Pakjes';127716
103604;'Sokjes';127716
103624;'Truitjes en vestjes';127716
103626;'Overige maat 86';127716
104051;'Accessoires';60241
104612;'CD\'s';11233
105150;'Overige huishoudelijk';2984
105151;'Gameboy Advance en GBA SP';14616
105163;'Kinderkleding- unisex';11450
105164;'Maat 92';105163
105165;'Maat 98/104';105163
105166;'Maat 110/116';105163
105167;'Maat 122/128';105163
105168;'Maat 134/140';105163
105169;'Maat 146';105163
105170;'Maat 152/158';105163
105171;'Maat 164';105163
105172;'Maat 170/176';105163
105173;'Overige unisexkleding';105163
105223;'Overige maat 56';127713
105224;'1890 - 1948 Wilhelmina';28683
105225;'0.5 cent';105224
105226;'1 cent';105224
105227;'2.5 cent';105224
105228;'5 cent';105224
105229;'10 cent';105224
105230;'25 cent';105224
105231;'Gulden';105224
105232;'Rijksdaalder';105224
105233;'Vijf gulden';105224
105234;'Tien gulden';105224
105243;'1864 - 1899';128283
105244;'1900 - 1919';128283
105245;'2000 - heden';128283
105246;'FDC (Eerstedag';40413
105247;'FDC E1 -  E149';105246
105248;'FDC E150 - E249';105246
105249;'FDC E250 - E349';105246
105250;'Postzegelboekjes';40413
105251;'PB 1 - PB15';105250
105252;'1970 - 1979';128283
105253;'1930 - 1939';128283
105254;'1940 - 1949';128283
105255;'Brieven en postwaardestukken';40413
105256;'Luchtpostfilatelie';105255
105257;'Briefkaarten';105255
105263;'Overig tot 1975';7903
105265;'Nederland';7914
105293;'Berlijn';7825
105967;'Sport';607
105970;'Voetbal';105967
105971;'Golf';105967
105973;'Vechtsporten';105967
105976;'Tennis';105967
106261;'Verbruiksartikelen';160
106768;'Aankleedkussens';15456
106769;'Voeding';12081
106770;'Flessen';106769
106778;'Flessenwarmers';106769
106782;'Slabbetjes en schouderdoeken';106769
106789;'Sterilisators';106769
106793;'Huidverzorging';15456
106801;'Verschoondekens';15456
106810;'Knuffels';18637
106822;'Dieetproducten';47867
106928;'Gel en wax';47879
107034;'Overige scheerproducten';107035
107035;'Scheerproducten';12155
107040;'Anti-cellulitis';11838
107076;'Bruisballen';47903
107077;'Hygiëne voor dames';11838
107091;'Contactlenzenvloeistof';22490
107116;'Overig Duitsland';7825
107476;'Nachtkleding';70222
107479;'Nachtkleding';74069
107480;'Nachtkleding';98376
107589;'Swarovski';7478
107697;'Oostenrijk';33388
107706;'Zwitserland';33388
107952;'Overige make-up';13264
108267;'Skype en Internettelefonie';14675
108299;'Schilderijen';25817
108428;'Zitzakken en zitballen';3192
109023;'Mysterie';41526
109024;'Psychologisch';41539
109025;'Religie';41543
109026;'New Age/spiritueel';23275
109043;'Mysterie';35076
110150;'Douchegel';47903
110232;'Tandenborstels - hand';48079
110234;'Tandzijde en floss';48079
110684;'Bouw';9431
110699;'Huishoudelijk';9431
110703;'Tuin';9431
110717;'Sport en welzijn';9431
110747;'Marketing';9431
110757;'Evenementen';9431
110775;'Dierenverzorging en -training';9431
110780;'Transport en logistiek';9431
111139;'Motorola';24040
111165;'Nokia';115680
111202;'Frontjes en covers';9394
111234;'Samsung';24040
111310;'Siemens';23979
111323;'Siemens';24040
111363;'Bluetooth';9394
111415;'Houders';38951
111800;'Stof';111848
111801;'Papier en karton';25850
111804;'Charms en frames';111848
111806;'Kaarten maken';8423
111820;'Ideeënboeken en -folders';111848
111827;'Stempelen';8423
111832;'Glimmers en glinsters';111848
111837;'Sieradenhobby';8423
111843;'Bedels en hangers';111837
111846;'Gereedschappen';111837
111848;'Scrapping en 3D';8423
111889;'Gereedschappen';111848
111893;'Linten en fibers';111848
111919;'Fournituren';3116
111925;'Knopen';8423
111936;'Patronen';3116
111941;'Pakketten';127909
111943;'Patronen';127909
111994;'Goochelen';8423
111998;'Episode 3';112034
111999;'Opbergsystemen vinyl';27577
112016;'Big Beat';19479
112017;'Breakbeat';19479
112024;'Actiefiguren';220
112034;'Star Wars';112024
112095;'Babyslofjes';12081
112106;'Setjes';127689
112125;'Setjes';127690
112138;'Setjes';127691
112216;'Setjes';127667
112231;'Setjes';127668
112283;'Setjes';127680
112297;'Setjes';127717
112355;'Mutsen, sjaals en wantjes';127733
112359;'Setjes';127718
112459;'Historische figuren';33416
112460;'Muzikanten';33416
112489;'Neopets';868
112679;'Games';38577
112697;'Games';105151
112698;'Actie en avontuur';112697
112700;'Kinderen en familie';112697
112708;'Racen';112697
112710;'Schieten';112697
112712;'Sport';112697
112714;'Overige games';112697
112733;'NES spellen';37209
112751;'SNES spellen';37209
112823;'Playstation 3';14616
112845;'Xbox 360';14616
112846;'Accessoires';112845
112847;'Games';112845
112848;'Consoles';112845
113038;'Live rollenspel';2543
113179;'Bollywood';2288
113420;'Grammofoons';14969
113754;'Sportartikelen';888
113851;'Bruiningsproducten';11838
113902;'Tandenborstels - automatisch';48079
114030;'Naamplaten en huisnummers';11700
114056;'Verwarming buiten';2032
114318;'Onderzetters';20626
114356;'Peper- en zoutstellen';20626
114914;'Knopen en kralen';111848
115329;'Haarverzorging';15456
115334;'Sieraden';12081
115539;'Benodigdheden en opslag';11232
115612;'Navigatie-accessoires';38776
115680;'Headsets en carkits';9394
115777;'Riemen en peddels';36629
115794;'Regenkleding';22171
115806;'Jongleerballen en diabolo\'s';220
115851;'Zilver';10975
115861;'Zilver';10985
116597;'Wielrennen';105967
117040;'Accessoires';21186
117562;'Games';112823
118260;'Geheugenkaarten';9394
118858;'Veranda\'s en terrasmateriaal';2032
118870;'Accessoires';25863
119201;'Roeiboten';1293
119232;'Atletiek';888
119357;'Foil cards';218
119656;'Bomen en struiken';2032
119688;'Kamerplanten';3192
121594;'Hoedjes en petjes';127733
121624;'Hobby\'s en techniek';267
121639;'Muziek';267
121863;'Musical';1508
121977;'Rolls Royce';9801
122658;'Beschermhoezen';111848
122659;'Eyelets, brads en snaps';111848
123099;'Gereedschappen en machines';12576
123176;'Nokia';24040
123317;'Gewone colliers';92771
123345;'Gewone ringen';67725
123786;'Bhutan';32136
123788;'Laos';32136
123789;'Mongolië';32136
123790;'Midden-Oosten';32136
123860;'Tin';16486
124329;'Ogenverzorging';26528
124353;'Haarborstels';47879
124369;'Douchecrèmes';47903
124418;'Meet- en regelapparatuur';12576
124517;'Verf';30471
124709;'Microscopen';293
125354;'Minibikes';9192
126448;'Naalden en toebehoren';3103
126454;'Campings en vakantieparken';160939
126455;'Magazines en (jaarboeken';13331
127144;'Afrika';7990
127145;'Zuid-Afrika';127144
127449;'Spray';47879
127470;'Brillenreiniging';22490
127648;'Maat 50';73738
127652;'Maat 56';73738
127653;'Maat 62';73738
127654;'Maat 68';73738
127658;'Setjes';127652
127665;'Setjes';127654
127667;'Maat 74';73738
127668;'Maat 80';73738
127680;'Maat 86';73738
127683;'Maat 50';8471
127686;'Maat 56';8471
127687;'Maat 62';8471
127688;'Maat 68';8471
127689;'Maat 74';8471
127690;'Maat 80';8471
127691;'Maat 86';8471
127692;'Shirtjes en blouses';127683
127695;'Setjes';127686
127699;'Setjes';127687
127713;'Maat 56';36524
127714;'Maat 68';36524
127715;'Maat 80';36524
127716;'Maat 86';36524
127717;'Maat 50';36524
127718;'Maat 62';36524
127719;'Maat 74';36524
127721;'Setjes';127713
127729;'Setjes';127714
127730;'Setjes';127719
127731;'Setjes';127715
127732;'Setjes';127716
127733;'Babykleding - accessoires';12081
127735;'Kinderen van 10 tot 12 jaar';1093
127737;'Tot 1939';131188
127739;'1940 - 1969';131188
127740;'1970 - 1989';131188
127741;'Accessoires';100812
127747;'Games';100812
127793;'Sciencefiction';900
127794;'Fantasy';900
127797;'Jan Jans en de Kinderen';63
127798;'Kapitein Rob';63
127799;'Suske en Wiske';63
127800;'Oude albums';127799
127801;'Verhalen';267
127802;'Bekende tv-figuren';41526
127804;'Politiek';41539
127805;'Wetenschap';41584
127806;'Sport en fitness';41584
127807;'Detectives en krimi\'s';41584
127808;'Documentaires en natuur';41584
127809;'Bekende tv-figuren';35076
127897;'Nintendo 64';14616
127909;'Borduren en haken';8423
127915;'Pakketten';25850
127923;'Grote voorwerpen';25817
127924;'Kleine voorwerpen';25817
127925;'Maat 38 (M';12989
127926;'Maat 38 (M';13021
127927;'Maat 38 (M';12090
127928;'Maat 38 (M';15720
127929;'Maat 38 (M';13045
127930;'Maat 38 (M';12997
127931;'Maat 38 (M';33092
127932;'Maat 38 (M';24046
127933;'Maat 38 (M';98304
127934;'Maat 38 (M';13029
127935;'Maat 38 (M';13493
127936;'Maat 38 (M';31058
127937;'Laarzen';12104
127945;'Shirts lange mouw';9817
128003;'Klassiek';34391
128195;'Shirts';70222
128208;'Shirts';98333
128212;'Shirts';98372
128213;'Shirts';98374
128218;'Shirts';74069
128231;'Shirts';98386
128235;'Shirts';98388
128236;'Shirts';98390
128240;'Kinderkleding- schoenen';11450
128243;'Vanguards';222
128244;'Preiser';9053
128245;'1948 - 1980 Juliana';28683
128246;'1 cent';128245
128247;'5 cent';128245
128248;'25 cent';128245
128249;'Gulden';128245
128250;'Rijksdaalder';128245
128251;'Vijf gulden';128245
128252;'Tien gulden';128245
128253;'Sets en pakketten';128245
128254;'1980 - 2002 Beatrix';28683
128255;'5 cent';128254
128256;'10 cent';128254
128257;'25 cent';128254
128258;'Gulden';128254
128259;'Rijksdaalder';128254
128260;'Vijf gulden';128254
128261;'Tien gulden';128254
128262;'Sets en pakketten';128254
128263;'Dans - klassiek';23275
128264;'Nederlandstalig';23275
128270;'Postfris en ongebruikt';40413
128271;'Eerste emissie 1852';128270
128272;'1864 - 1899';128270
128273;'1900 - 1919';128270
128274;'1920 - 1929';128270
128275;'1930 - 1939';128270
128276;'1940 - 1949';128270
128277;'1950 - 1959';128270
128278;'1960 - 1969';128270
128279;'1970 - 1979';128270
128280;'1980 - 1989';128270
128281;'1990 - 1999';128270
128282;'2000 - heden';128270
128283;'Gebruikt';40413
128298;'FDC E350 - E449';105246
128299;'PB31 - PB45';105250
128300;'PB45 - heden';105250
128301;'Luchtpost';40413
128302;'Suriname';40414
128303;'1975 - heden';128302
128304;'Nederlands Indië';40414
128305;'Postfris en ongebruikt';128304
128306;'Nederlandse Antillen';40414
128307;'1975 - heden';128306
128308;'Curaçao';40414
128309;'Postfris en ongebruikt';128308
128310;'Gebruikt';128308
128312;'Finland';4742
128314;'Postfris en ongebruikt';105293
128316;'Postfris en ongebruikt';88766
128318;'Postfris en ongebruikt';25791
128348;'Postfris en ongebruikt';25793
128350;'Postfris en ongebruikt';3499
128351;'Postfris';7903
128352;'Antarctica';260
128375;'Jaar van het Kind';4752
128376;'Rode Kruis';4752
128378;'Scouting';4752
128380;'Honkbal';36684
128384;'Noord-Amerika';260
128385;'Oceanië';260
128389;'Perfins';260
128390;'Stadspost';260
128391;'Nederland-Overzee';7914
128404;'Zuid-Afrika';33400
128405;'Overige Afrika';33400
128428;'Drenthe';34628
128429;'Flevoland';34628
128430;'Friesland';34628
128431;'Gelderland';34628
128432;'Groningen';34628
128433;'Limburg';34628
128445;'Overijssel';34628
128446;'Zeeland';34628
128962;'Feest- en carnavalskleding';3038
129796;'Overige babyaccessoires';127733
130104;'Ladders';19859
130208;'Maat 32-34 (XXS/XS';15720
130211;'Maat 36 (S';15720
130212;'Maat 40-42 (L';15720
130213;'Maat 44-46 (XL';15720
130256;'Tot 1939';29224
130257;'1940 - 1969';29224
130258;'1970 - 1989';29224
130265;'Arnold';13292
130269;'Fleischmann';13292
130285;'Minitrix';13292
130287;'Roco';13292
130425;'10 cent';128245
130429;'Chronografen';91060
130490;'Setjes';127688
131188;'Literatuur - Nederland';267
131855;'Stroomvoorziening en -adapters';32202
131992;'Behuizingen en kasten';38851
132075;'Routers';32202
132103;'Servers en toebehoren';160
132148;'Zeilboten';1293
132169;'Beroepsscheepvaart';1293
132364;'Bewatering';2032
132379;'Schuttingen en hekken';2032
132396;'Cruises';160939
133541;'Goud - puur';92771
133571;'Goud - verguld';10994
133575;'Goud - verguld';10975
133587;'Goud - verguld';92771
133591;'Goud - verguld';10985
133599;'Goud - verguld';67725
133618;'Zilver';92771
134639;'Stacaravans';44794
134665;'Roodbaard';63
134666;'Storm';63
134667;'Trigië';63
134675;'Actie';41523
134676;'Drama';35015
134977;'Lion Toys';222
135020;'Nederlandstalig';20800
135021;'Gemengde frankering';105255
135057;'Efteling';1
135222;'Gebruikt';128304
135735;'Pop Art';40688
135905;'Brillen en monturen unisex';22490
136051;'Leadtek';38776
136052;'TomTom';38776
136054;'Woonboten';1293
136207;'Art House';2288
136626;'Vesten';70222
136627;'Vesten';74069
136628;'Vesten';98323
136629;'Vesten';98325
136630;'Vesten';98327
136631;'Vesten';98329
136632;'Nachtkleding';98331
136633;'Vesten';98331
136634;'Vesten';98333
136635;'Vesten';98372
136636;'Vesten';98374
136639;'Vesten';98376
136640;'Vesten';98378
136641;'Vesten';98380
136642;'Vesten';98382
136643;'Vesten';98384
136644;'Vesten';98386
136645;'Vesten';98388
136646;'Vesten';98390
136649;'Art nouveau';7478
136650;'Design';7478
136689;'Israel';9033
136690;'New Wave';19483
136691;'Nederlands Nieuw-Guinea';40414
136692;'Schaken';36684
136860;'Werktuigen';18993
136883;'Kinderfietsen';22138
136889;'Tractors';22138
136916;'Poppenkasten en handpoppen';226
136933;'Strand- en waterspeelgoed';25960
138767;'1890-1919, Jugendstil';25757
138769;'Jugendstil';7478
138776;'1920-1949, Art déco';25757
138778;'Art deco';7478
138785;'1950-1959';25757
138794;'1960-1969';25757
138803;'1970-1979';25757
138812;'Vanaf 2000';25757
139835;'GPS ontvangers';293
139972;'Overige Sega';15110
140677;'1990 - 1999';29224
140937;'Koptelefoons';14969
141286;'Drinkbekers';106769
141749;'Groepsreizen';160939
141763;'Accessoires';218
145519;'Games';147176
145520;'Consoles';147176
145526;'Accessoires';147176
147176;'Nintendo Wii';14616
147177;'Accessoires';112823
148091;'Estland';45148
148092;'Letland';45148
148094;'Slovenië';45148
148095;'Estland';33388
148096;'Litouwen';33388
148101;'Kaartjes en proefmonsters';84885
148122;'Lastminutereizen';160939
148735;'Accordeons';619
149492;'Consoles';112823
149565;'Partytenten';2032
150034;'Amerikaanse auto\'s';9801
151220;'Lenzen';8297
151439;'Overige grote maten';3029
151447;'Muiltjes';12104
151637;'Bloemen en planten';2032
151925;'Badjassen';9817
151944;'Vuilnisbakken en pedaalemmers';20626
151982;'Papier en knipvellen';111848
151991;'Commodore- en amigagames';11988
153511;'Trainingspakken';13154
153532;'Sapmachines';30329
153564;'Sokken';3038
153797;'Sokken';3051
153946;'Stempels';111848
153953;'Kralen';111837
153954;'Steen, edelsteen en mineralen';153953
153955;'Glas en kristal';153953
153956;'Hout';153953
153957;'Kunststof';153953
153958;'Metaal';153953
154024;'Pop 2000 - heden';21727
154051;'DVD\'s';11233
154052;'Klassiek';23275
154053;'Pop';23275
154054;'Rock';23275
155678;'Thuistaps';30329
156076;'Transformers';112024
156791;'Setjes';70222
156792;'Setjes';98323
156793;'Setjes';98325
156795;'Setjes';98327
156796;'Setjes';98329
156797;'Setjes';98333
156798;'Setjes';98372
156799;'Setjes';98374
156802;'Setjes';74069
156803;'Setjes';98376
156805;'Setjes';98378
156806;'Setjes';98380
156807;'Setjes';98382
156808;'Setjes';98386
156809;'Setjes';98388
156810;'Setjes';98390
157276;'Buikdragers';15468
157282;'Rugdragers';15468
157287;'Draagdoeken';15468
157301;'Boxen';2984
157310;'Bedjes';2984
157318;'Reisbedjes';15468
157329;'Eetsets en bestek';106769
157347;'Kookboeken en huishouding';267
157499;'Fanartikelen en merchandise';11233
157550;'McDonalds';34
157688;'Tsjechoslowakije';4742
157967;'Koffers en reistassen';8503
157969;'Kinderkoffers';8503
157989;'Koffersloten';8503
157991;'Naamplaatjes';8503
158626;'Malta';45148
158628;'Cyprus';45148
159045;'Geocaching';888
160043;'Overig vanaf 1975';7903
160044;'Noord-Brabant';34628
160939;'Vakantiereizen';888
168471;'Slowakije';7975
179170;'Valuta';179197
179171;'Miners';179197
179172;'Mining-contracten';179197
179197;'Virtueel geld';11116
